-- MySQL dump 10.13  Distrib 8.0.44, for Linux (x86_64)
--
-- Host: host.docker.internal    Database: revtickets
-- ------------------------------------------------------
-- Server version	8.0.40

/*!40101 SET @OLD_CHARACTER_SET_CLIENT=@@CHARACTER_SET_CLIENT */;
/*!40101 SET @OLD_CHARACTER_SET_RESULTS=@@CHARACTER_SET_RESULTS */;
/*!40101 SET @OLD_COLLATION_CONNECTION=@@COLLATION_CONNECTION */;
/*!50503 SET NAMES utf8mb4 */;
/*!40103 SET @OLD_TIME_ZONE=@@TIME_ZONE */;
/*!40103 SET TIME_ZONE='+00:00' */;
/*!40014 SET @OLD_UNIQUE_CHECKS=@@UNIQUE_CHECKS, UNIQUE_CHECKS=0 */;
/*!40014 SET @OLD_FOREIGN_KEY_CHECKS=@@FOREIGN_KEY_CHECKS, FOREIGN_KEY_CHECKS=0 */;
/*!40101 SET @OLD_SQL_MODE=@@SQL_MODE, SQL_MODE='NO_AUTO_VALUE_ON_ZERO' */;
/*!40111 SET @OLD_SQL_NOTES=@@SQL_NOTES, SQL_NOTES=0 */;

--
-- Table structure for table `bookings`
--

DROP TABLE IF EXISTS `bookings`;
/*!40101 SET @saved_cs_client     = @@character_set_client */;
/*!50503 SET character_set_client = utf8mb4 */;
CREATE TABLE `bookings` (
  `id` bigint NOT NULL AUTO_INCREMENT,
  `booking_date` datetime(6) NOT NULL,
  `number_of_seats` int NOT NULL,
  `payment_id` varchar(255) DEFAULT NULL,
  `seat_numbers` varchar(255) NOT NULL,
  `status` enum('PENDING','CONFIRMED','CANCELLED') NOT NULL,
  `total_amount` double NOT NULL,
  `show_id` bigint NOT NULL,
  `user_id` bigint NOT NULL,
  PRIMARY KEY (`id`),
  KEY `FK5f9847fuaqx7qe2xug4e5pky1` (`show_id`),
  KEY `FKeyog2oic85xg7hsu2je2lx3s6` (`user_id`),
  CONSTRAINT `FK5f9847fuaqx7qe2xug4e5pky1` FOREIGN KEY (`show_id`) REFERENCES `shows` (`id`),
  CONSTRAINT `FKeyog2oic85xg7hsu2je2lx3s6` FOREIGN KEY (`user_id`) REFERENCES `users` (`id`)
) ENGINE=InnoDB AUTO_INCREMENT=10 DEFAULT CHARSET=utf8mb4 COLLATE=utf8mb4_0900_ai_ci;
/*!40101 SET character_set_client = @saved_cs_client */;

--
-- Dumping data for table `bookings`
--

LOCK TABLES `bookings` WRITE;
/*!40000 ALTER TABLE `bookings` DISABLE KEYS */;
INSERT INTO `bookings` VALUES (1,'2025-11-30 17:22:48.222850',5,'PAY-63ffdaed-08b6-4080-b936-b91eb036d3c4','G5,G6,G7,G8,G9','CANCELLED',1000,6,2),(2,'2025-11-30 17:25:41.370665',1,'PAY-11c48491-d684-480d-b7f1-bc3a1238998d','G10','CANCELLED',200,6,2),(3,'2025-11-30 18:22:44.198360',2,'PAY-ff6beffc-f092-4a74-a7d2-81fe2b2c7818','N1,N2','CONFIRMED',400,6,3),(4,'2025-11-30 23:40:28.343512',2,'PAY-133dcebd-725b-428c-9437-f340db4c46d9','N10,N11','CONFIRMED',400,6,3),(5,'2025-12-01 12:22:01.665997',4,'PAY-e1571ac0-bee2-424e-9ab8-039fa8009827','C1,C2,O4,O3','CONFIRMED',800,13,2),(6,'2025-12-02 17:06:34.337760',2,'PAY-8f1d672f-e9e2-4dee-9995-aacc20094b57','N1,N2','CONFIRMED',400,14,4),(7,'2025-12-06 02:42:39.336896',2,'PAY-bdd84085-34c4-4b37-a9f7-5c5fa7b824fc','A1,A2','CONFIRMED',500,15,4),(8,'2025-12-06 13:29:15.085440',2,'PAY-8977a3bf-879a-4eb5-8472-c32dfa4ea4c9','A1,A2','CONFIRMED',600,17,4),(9,'2025-12-06 14:02:44.266037',2,'PAY-27f140cf-021e-490a-abf4-ce201378e78a','N1,N2','CONFIRMED',600,17,5);
/*!40000 ALTER TABLE `bookings` ENABLE KEYS */;
UNLOCK TABLES;

--
-- Table structure for table `events`
--

DROP TABLE IF EXISTS `events`;
/*!40101 SET @saved_cs_client     = @@character_set_client */;
/*!50503 SET character_set_client = utf8mb4 */;
CREATE TABLE `events` (
  `id` bigint NOT NULL AUTO_INCREMENT,
  `category` enum('MOVIES','CONCERTS','SPORTS','COMEDY') DEFAULT NULL,
  `city` varchar(255) DEFAULT NULL,
  `date_time` datetime(6) DEFAULT NULL,
  `description` varchar(1000) DEFAULT NULL,
  `duration_minutes` int DEFAULT NULL,
  `genre_or_type` varchar(255) DEFAULT NULL,
  `is_active` bit(1) DEFAULT NULL,
  `language` varchar(255) DEFAULT NULL,
  `poster_url` varchar(255) DEFAULT NULL,
  `price` double DEFAULT NULL,
  `rating` double DEFAULT NULL,
  `title` varchar(255) NOT NULL,
  `venue` varchar(255) DEFAULT NULL,
  PRIMARY KEY (`id`)
) ENGINE=InnoDB AUTO_INCREMENT=7 DEFAULT CHARSET=utf8mb4 COLLATE=utf8mb4_0900_ai_ci;
/*!40101 SET character_set_client = @saved_cs_client */;

--
-- Dumping data for table `events`
--

LOCK TABLES `events` WRITE;
/*!40000 ALTER TABLE `events` DISABLE KEYS */;
INSERT INTO `events` VALUES (1,'MOVIES','Hyderabad',NULL,'A fierce warrior rises to protect his coastal people, facing betrayal, vengeance, and family conflict in a gritty action-packed story.',120,'Action,Drama',_binary '','Telugu','https://image.tmdb.org/t/p/original/hdpYUidbB83AfemP369W7guOIlr.jpg',200,4,'Devara','PVR'),(2,'MOVIES','Hyderabad','2025-11-30 12:19:20.247000','An epic tale of two brothers battling for a kingdom, filled with grand visuals, intense action, emotional depth, and legendary storytelling by director S. S. Rajamouli.',120,'Action, Drama, Fantasy',_binary '','Telugu','https://wallpapercave.com/wp/wp3989383.jpg',250,0,'Baahubali','Vishwanath'),(3,'MOVIES','Bengaluru','2025-11-30 12:24:55.007000','Earth’s mightiest heroes—Iron Man, Captain America, Thor, Hulk, Black Widow, and Hawkeye—unite to stop Loki and an alien invasion threatening global destruction.”',120,'Action  Superhero  Sci-Fi  Adventure  Fantasy',_binary '','English','https://wallpapercave.com/wp/wp3614899.jpg',200,0,'Avengers','Light House'),(4,'MOVIES','Chennai','2025-11-30 13:55:32.544000','“A peaceful café owner, Parthi, struggles to hide his dark past when deadly gangsters claim he is their feared assassin ‘Leo’, forcing him into violent confrontation.”',120,'Action , Thriller,  Crime,  Drama',_binary '','Tamil','https://tse2.mm.bing.net/th/id/OIP.BG8YAnHI0NmFK5umD8RDMgAAAA?rs=1&pid=ImgDetMain&o=7&rm=3',250,0,'Leo','PVR'),(5,'MOVIES','Hyderabad','2025-11-30 13:58:20.070000','A former wrestler trains his daughters Geeta and Babita to become world-class champions, battling societal barriers and personal struggles to fulfill the dream he couldn’t achieve.',120,'Sports, Drama,  Biography,  Family,  Action (Wrestling)',_binary '','Hindi','https://www.meinstyn.com/wp-content/uploads/2016/12/Dangal-Movie-Poster-Aamir-Khan-Sakshi-Tanwar-Full-HD-Desktop-Wallpaper.jpg',200,0,'Dangal','INOX'),(6,'MOVIES','Chennai','2025-11-30 18:17:17.992000','After a radioactive spider bite, Peter Parker gains superpowers and becomes Spider-Man, battling the Green Goblin while struggling between responsibility, heroism, and his personal life.',300,'Superhero  Action  Adventure  Sci-Fi  Drama',_binary '','English','https://tse4.mm.bing.net/th/id/OIP.EUd4Cs-nti2Ja698lCnLlQHaLH?rs=1&pid=ImgDetMain&o=7&rm=3',300,0,'Spider Man','PVR');
/*!40000 ALTER TABLE `events` ENABLE KEYS */;
UNLOCK TABLES;

--
-- Table structure for table `password_reset_tokens`
--

DROP TABLE IF EXISTS `password_reset_tokens`;
/*!40101 SET @saved_cs_client     = @@character_set_client */;
/*!50503 SET character_set_client = utf8mb4 */;
CREATE TABLE `password_reset_tokens` (
  `id` bigint NOT NULL AUTO_INCREMENT,
  `email` varchar(255) NOT NULL,
  `expiry_date` datetime(6) NOT NULL,
  `token` varchar(255) NOT NULL,
  `used` bit(1) NOT NULL,
  PRIMARY KEY (`id`),
  UNIQUE KEY `UK_71lqwbwtklmljk3qlsugr1mig` (`token`)
) ENGINE=InnoDB AUTO_INCREMENT=2 DEFAULT CHARSET=utf8mb4 COLLATE=utf8mb4_0900_ai_ci;
/*!40101 SET character_set_client = @saved_cs_client */;

--
-- Dumping data for table `password_reset_tokens`
--

LOCK TABLES `password_reset_tokens` WRITE;
/*!40000 ALTER TABLE `password_reset_tokens` DISABLE KEYS */;
INSERT INTO `password_reset_tokens` VALUES (1,'siruvatisai22@gmail.com','2025-12-05 22:12:31.759692','8ef4448e-c52d-438e-a5c4-c7dbb6aa68be',_binary '');
/*!40000 ALTER TABLE `password_reset_tokens` ENABLE KEYS */;
UNLOCK TABLES;

--
-- Table structure for table `payments`
--

DROP TABLE IF EXISTS `payments`;
/*!40101 SET @saved_cs_client     = @@character_set_client */;
/*!50503 SET character_set_client = utf8mb4 */;
CREATE TABLE `payments` (
  `id` bigint NOT NULL AUTO_INCREMENT,
  `amount` double NOT NULL,
  `booking_id` bigint NOT NULL,
  `method` enum('CREDIT_CARD','DEBIT_CARD','UPI','NET_BANKING','WALLET') DEFAULT NULL,
  `payment_date` datetime(6) NOT NULL,
  `payment_id` varchar(255) NOT NULL,
  `status` enum('PENDING','SUCCESS','FAILED','REFUNDED') NOT NULL,
  PRIMARY KEY (`id`),
  UNIQUE KEY `UK_t4ffsaqe8d6i83gs100u2y3l1` (`payment_id`)
) ENGINE=InnoDB AUTO_INCREMENT=10 DEFAULT CHARSET=utf8mb4 COLLATE=utf8mb4_0900_ai_ci;
/*!40101 SET character_set_client = @saved_cs_client */;

--
-- Dumping data for table `payments`
--

LOCK TABLES `payments` WRITE;
/*!40000 ALTER TABLE `payments` DISABLE KEYS */;
INSERT INTO `payments` VALUES (1,1000,1,'UPI','2025-11-30 17:22:48.241295','PAY-63ffdaed-08b6-4080-b936-b91eb036d3c4','SUCCESS'),(2,200,2,'UPI','2025-11-30 17:25:41.383308','PAY-11c48491-d684-480d-b7f1-bc3a1238998d','SUCCESS'),(3,400,3,'UPI','2025-11-30 18:22:44.247091','PAY-ff6beffc-f092-4a74-a7d2-81fe2b2c7818','SUCCESS'),(4,400,4,'UPI','2025-11-30 23:40:28.432038','PAY-133dcebd-725b-428c-9437-f340db4c46d9','SUCCESS'),(5,800,5,'UPI','2025-12-01 12:22:01.687325','PAY-e1571ac0-bee2-424e-9ab8-039fa8009827','SUCCESS'),(6,400,6,'UPI','2025-12-02 17:06:34.349186','PAY-8f1d672f-e9e2-4dee-9995-aacc20094b57','SUCCESS'),(7,500,7,'UPI','2025-12-06 02:42:39.467688','PAY-bdd84085-34c4-4b37-a9f7-5c5fa7b824fc','SUCCESS'),(8,600,8,'UPI','2025-12-06 13:29:15.101004','PAY-8977a3bf-879a-4eb5-8472-c32dfa4ea4c9','SUCCESS'),(9,600,9,'UPI','2025-12-06 14:02:44.381014','PAY-27f140cf-021e-490a-abf4-ce201378e78a','SUCCESS');
/*!40000 ALTER TABLE `payments` ENABLE KEYS */;
UNLOCK TABLES;

--
-- Table structure for table `seats`
--

DROP TABLE IF EXISTS `seats`;
/*!40101 SET @saved_cs_client     = @@character_set_client */;
/*!50503 SET character_set_client = utf8mb4 */;
CREATE TABLE `seats` (
  `id` bigint NOT NULL AUTO_INCREMENT,
  `seat_number` varchar(255) NOT NULL,
  `seat_type` varchar(255) NOT NULL,
  `status` enum('AVAILABLE','BOOKED','BLOCKED') NOT NULL,
  `booking_id` bigint DEFAULT NULL,
  `show_id` bigint NOT NULL,
  `price` double DEFAULT NULL,
  PRIMARY KEY (`id`),
  KEY `FKku1rurcfuh5d7pve1vsyomxa6` (`booking_id`),
  KEY `FKi0mr20gpj1nedoufqq21a50es` (`show_id`),
  CONSTRAINT `FKi0mr20gpj1nedoufqq21a50es` FOREIGN KEY (`show_id`) REFERENCES `shows` (`id`),
  CONSTRAINT `FKku1rurcfuh5d7pve1vsyomxa6` FOREIGN KEY (`booking_id`) REFERENCES `bookings` (`id`)
) ENGINE=InnoDB AUTO_INCREMENT=3996 DEFAULT CHARSET=utf8mb4 COLLATE=utf8mb4_0900_ai_ci;
/*!40101 SET character_set_client = @saved_cs_client */;

--
-- Dumping data for table `seats`
--

LOCK TABLES `seats` WRITE;
/*!40000 ALTER TABLE `seats` DISABLE KEYS */;
INSERT INTO `seats` VALUES (1,'A1','Regular','AVAILABLE',NULL,6,NULL),(2,'A2','Regular','AVAILABLE',NULL,6,NULL),(3,'A3','Regular','AVAILABLE',NULL,6,NULL),(4,'A4','Regular','AVAILABLE',NULL,6,NULL),(5,'A5','Regular','AVAILABLE',NULL,6,NULL),(6,'A6','Regular','AVAILABLE',NULL,6,NULL),(7,'A7','Regular','AVAILABLE',NULL,6,NULL),(8,'A8','Regular','AVAILABLE',NULL,6,NULL),(9,'A9','Regular','AVAILABLE',NULL,6,NULL),(10,'A10','Regular','AVAILABLE',NULL,6,NULL),(11,'A11','Regular','AVAILABLE',NULL,6,NULL),(12,'B1','Regular','AVAILABLE',NULL,6,NULL),(13,'B2','Regular','AVAILABLE',NULL,6,NULL),(14,'B3','Regular','AVAILABLE',NULL,6,NULL),(15,'B4','Regular','AVAILABLE',NULL,6,NULL),(16,'B5','Regular','AVAILABLE',NULL,6,NULL),(17,'B6','Regular','AVAILABLE',NULL,6,NULL),(18,'B7','Regular','AVAILABLE',NULL,6,NULL),(19,'B8','Regular','AVAILABLE',NULL,6,NULL),(20,'B9','Regular','AVAILABLE',NULL,6,NULL),(21,'B10','Regular','AVAILABLE',NULL,6,NULL),(22,'B11','Regular','AVAILABLE',NULL,6,NULL),(23,'C1','Silver','AVAILABLE',NULL,6,NULL),(24,'C2','Silver','AVAILABLE',NULL,6,NULL),(25,'C3','Silver','AVAILABLE',NULL,6,NULL),(26,'C4','Silver','AVAILABLE',NULL,6,NULL),(27,'C5','Silver','AVAILABLE',NULL,6,NULL),(28,'C6','Silver','AVAILABLE',NULL,6,NULL),(29,'C7','Silver','AVAILABLE',NULL,6,NULL),(30,'C8','Silver','AVAILABLE',NULL,6,NULL),(31,'C9','Silver','AVAILABLE',NULL,6,NULL),(32,'C10','Silver','AVAILABLE',NULL,6,NULL),(33,'C11','Silver','AVAILABLE',NULL,6,NULL),(34,'D1','Silver','AVAILABLE',NULL,6,NULL),(35,'D2','Silver','AVAILABLE',NULL,6,NULL),(36,'D3','Silver','AVAILABLE',NULL,6,NULL),(37,'D4','Silver','AVAILABLE',NULL,6,NULL),(38,'D5','Silver','AVAILABLE',NULL,6,NULL),(39,'D6','Silver','AVAILABLE',NULL,6,NULL),(40,'D7','Silver','AVAILABLE',NULL,6,NULL),(41,'D8','Silver','AVAILABLE',NULL,6,NULL),(42,'D9','Silver','AVAILABLE',NULL,6,NULL),(43,'D10','Silver','AVAILABLE',NULL,6,NULL),(44,'D11','Silver','AVAILABLE',NULL,6,NULL),(45,'E1','Silver','AVAILABLE',NULL,6,NULL),(46,'E2','Silver','AVAILABLE',NULL,6,NULL),(47,'E3','Silver','AVAILABLE',NULL,6,NULL),(48,'E4','Silver','AVAILABLE',NULL,6,NULL),(49,'E5','Silver','AVAILABLE',NULL,6,NULL),(50,'E6','Silver','AVAILABLE',NULL,6,NULL),(51,'E7','Silver','AVAILABLE',NULL,6,NULL),(52,'E8','Silver','AVAILABLE',NULL,6,NULL),(53,'E9','Silver','AVAILABLE',NULL,6,NULL),(54,'E10','Silver','AVAILABLE',NULL,6,NULL),(55,'E11','Silver','AVAILABLE',NULL,6,NULL),(56,'F1','Silver','AVAILABLE',NULL,6,NULL),(57,'F2','Silver','AVAILABLE',NULL,6,NULL),(58,'F3','Silver','AVAILABLE',NULL,6,NULL),(59,'F4','Silver','AVAILABLE',NULL,6,NULL),(60,'F5','Silver','AVAILABLE',NULL,6,NULL),(61,'F6','Silver','AVAILABLE',NULL,6,NULL),(62,'F7','Silver','AVAILABLE',NULL,6,NULL),(63,'F8','Silver','AVAILABLE',NULL,6,NULL),(64,'F9','Silver','AVAILABLE',NULL,6,NULL),(65,'F10','Silver','AVAILABLE',NULL,6,NULL),(66,'F11','Silver','AVAILABLE',NULL,6,NULL),(67,'G1','Silver','AVAILABLE',NULL,6,NULL),(68,'G2','Silver','AVAILABLE',NULL,6,NULL),(69,'G3','Silver','AVAILABLE',NULL,6,NULL),(70,'G4','Silver','AVAILABLE',NULL,6,NULL),(71,'G5','Silver','AVAILABLE',NULL,6,NULL),(72,'G6','Silver','AVAILABLE',NULL,6,NULL),(73,'G7','Silver','AVAILABLE',NULL,6,NULL),(74,'G8','Silver','AVAILABLE',NULL,6,NULL),(75,'G9','Silver','AVAILABLE',NULL,6,NULL),(76,'G10','Silver','AVAILABLE',NULL,6,NULL),(77,'G11','Silver','AVAILABLE',NULL,6,NULL),(78,'H1','Silver','AVAILABLE',NULL,6,NULL),(79,'H2','Silver','AVAILABLE',NULL,6,NULL),(80,'H3','Silver','AVAILABLE',NULL,6,NULL),(81,'H4','Silver','AVAILABLE',NULL,6,NULL),(82,'H5','Silver','AVAILABLE',NULL,6,NULL),(83,'H6','Silver','AVAILABLE',NULL,6,NULL),(84,'H7','Silver','AVAILABLE',NULL,6,NULL),(85,'H8','Silver','AVAILABLE',NULL,6,NULL),(86,'H9','Silver','AVAILABLE',NULL,6,NULL),(87,'H10','Silver','AVAILABLE',NULL,6,NULL),(88,'H11','Silver','AVAILABLE',NULL,6,NULL),(89,'I1','Gold','AVAILABLE',NULL,6,NULL),(90,'I2','Gold','AVAILABLE',NULL,6,NULL),(91,'I3','Gold','AVAILABLE',NULL,6,NULL),(92,'I4','Gold','AVAILABLE',NULL,6,NULL),(93,'I5','Gold','AVAILABLE',NULL,6,NULL),(94,'I6','Gold','AVAILABLE',NULL,6,NULL),(95,'I7','Gold','AVAILABLE',NULL,6,NULL),(96,'I8','Gold','AVAILABLE',NULL,6,NULL),(97,'I9','Gold','AVAILABLE',NULL,6,NULL),(98,'I10','Gold','AVAILABLE',NULL,6,NULL),(99,'I11','Gold','AVAILABLE',NULL,6,NULL),(100,'J1','Gold','AVAILABLE',NULL,6,NULL),(101,'J2','Gold','AVAILABLE',NULL,6,NULL),(102,'J3','Gold','AVAILABLE',NULL,6,NULL),(103,'J4','Gold','AVAILABLE',NULL,6,NULL),(104,'J5','Gold','AVAILABLE',NULL,6,NULL),(105,'J6','Gold','AVAILABLE',NULL,6,NULL),(106,'J7','Gold','AVAILABLE',NULL,6,NULL),(107,'J8','Gold','AVAILABLE',NULL,6,NULL),(108,'J9','Gold','AVAILABLE',NULL,6,NULL),(109,'J10','Gold','AVAILABLE',NULL,6,NULL),(110,'J11','Gold','AVAILABLE',NULL,6,NULL),(111,'K1','Gold','AVAILABLE',NULL,6,NULL),(112,'K2','Gold','AVAILABLE',NULL,6,NULL),(113,'K3','Gold','AVAILABLE',NULL,6,NULL),(114,'K4','Gold','AVAILABLE',NULL,6,NULL),(115,'K5','Gold','AVAILABLE',NULL,6,NULL),(116,'K6','Gold','AVAILABLE',NULL,6,NULL),(117,'K7','Gold','AVAILABLE',NULL,6,NULL),(118,'K8','Gold','AVAILABLE',NULL,6,NULL),(119,'K9','Gold','AVAILABLE',NULL,6,NULL),(120,'K10','Gold','AVAILABLE',NULL,6,NULL),(121,'K11','Gold','AVAILABLE',NULL,6,NULL),(122,'L1','Gold','AVAILABLE',NULL,6,NULL),(123,'L2','Gold','AVAILABLE',NULL,6,NULL),(124,'L3','Gold','AVAILABLE',NULL,6,NULL),(125,'L4','Gold','AVAILABLE',NULL,6,NULL),(126,'L5','Gold','AVAILABLE',NULL,6,NULL),(127,'L6','Gold','AVAILABLE',NULL,6,NULL),(128,'L7','Gold','AVAILABLE',NULL,6,NULL),(129,'L8','Gold','AVAILABLE',NULL,6,NULL),(130,'L9','Gold','AVAILABLE',NULL,6,NULL),(131,'L10','Gold','AVAILABLE',NULL,6,NULL),(132,'L11','Gold','AVAILABLE',NULL,6,NULL),(133,'M1','Gold','AVAILABLE',NULL,6,NULL),(134,'M2','Gold','AVAILABLE',NULL,6,NULL),(135,'M3','Gold','AVAILABLE',NULL,6,NULL),(136,'M4','Gold','AVAILABLE',NULL,6,NULL),(137,'M5','Gold','AVAILABLE',NULL,6,NULL),(138,'M6','Gold','AVAILABLE',NULL,6,NULL),(139,'M7','Gold','AVAILABLE',NULL,6,NULL),(140,'M8','Gold','AVAILABLE',NULL,6,NULL),(141,'M9','Gold','AVAILABLE',NULL,6,NULL),(142,'M10','Gold','AVAILABLE',NULL,6,NULL),(143,'M11','Gold','AVAILABLE',NULL,6,NULL),(144,'N1','Premium','BOOKED',3,6,NULL),(145,'N2','Premium','BOOKED',3,6,NULL),(146,'N3','Premium','AVAILABLE',NULL,6,NULL),(147,'N4','Premium','AVAILABLE',NULL,6,NULL),(148,'N5','Premium','AVAILABLE',NULL,6,NULL),(149,'N6','Premium','AVAILABLE',NULL,6,NULL),(150,'N7','Premium','AVAILABLE',NULL,6,NULL),(151,'N8','Premium','AVAILABLE',NULL,6,NULL),(152,'N9','Premium','AVAILABLE',NULL,6,NULL),(153,'N10','Premium','BOOKED',4,6,NULL),(154,'N11','Premium','BOOKED',4,6,NULL),(155,'O1','Premium','AVAILABLE',NULL,6,NULL),(156,'A1','Regular','AVAILABLE',NULL,7,NULL),(157,'A2','Regular','AVAILABLE',NULL,7,NULL),(158,'A3','Regular','AVAILABLE',NULL,7,NULL),(159,'A4','Regular','AVAILABLE',NULL,7,NULL),(160,'A5','Regular','AVAILABLE',NULL,7,NULL),(161,'A6','Regular','AVAILABLE',NULL,7,NULL),(162,'A7','Regular','AVAILABLE',NULL,7,NULL),(163,'A8','Regular','AVAILABLE',NULL,7,NULL),(164,'A9','Regular','AVAILABLE',NULL,7,NULL),(165,'A10','Regular','AVAILABLE',NULL,7,NULL),(166,'A11','Regular','AVAILABLE',NULL,7,NULL),(167,'B1','Regular','AVAILABLE',NULL,7,NULL),(168,'B2','Regular','AVAILABLE',NULL,7,NULL),(169,'B3','Regular','AVAILABLE',NULL,7,NULL),(170,'B4','Regular','AVAILABLE',NULL,7,NULL),(171,'B5','Regular','AVAILABLE',NULL,7,NULL),(172,'B6','Regular','AVAILABLE',NULL,7,NULL),(173,'B7','Regular','AVAILABLE',NULL,7,NULL),(174,'B8','Regular','AVAILABLE',NULL,7,NULL),(175,'B9','Regular','AVAILABLE',NULL,7,NULL),(176,'B10','Regular','AVAILABLE',NULL,7,NULL),(177,'B11','Regular','AVAILABLE',NULL,7,NULL),(178,'C1','Silver','AVAILABLE',NULL,7,NULL),(179,'C2','Silver','AVAILABLE',NULL,7,NULL),(180,'C3','Silver','AVAILABLE',NULL,7,NULL),(181,'C4','Silver','AVAILABLE',NULL,7,NULL),(182,'C5','Silver','AVAILABLE',NULL,7,NULL),(183,'C6','Silver','AVAILABLE',NULL,7,NULL),(184,'C7','Silver','AVAILABLE',NULL,7,NULL),(185,'C8','Silver','AVAILABLE',NULL,7,NULL),(186,'C9','Silver','AVAILABLE',NULL,7,NULL),(187,'C10','Silver','AVAILABLE',NULL,7,NULL),(188,'C11','Silver','AVAILABLE',NULL,7,NULL),(189,'D1','Silver','AVAILABLE',NULL,7,NULL),(190,'D2','Silver','AVAILABLE',NULL,7,NULL),(191,'D3','Silver','AVAILABLE',NULL,7,NULL),(192,'D4','Silver','AVAILABLE',NULL,7,NULL),(193,'D5','Silver','AVAILABLE',NULL,7,NULL),(194,'D6','Silver','AVAILABLE',NULL,7,NULL),(195,'D7','Silver','AVAILABLE',NULL,7,NULL),(196,'D8','Silver','AVAILABLE',NULL,7,NULL),(197,'D9','Silver','AVAILABLE',NULL,7,NULL),(198,'D10','Silver','AVAILABLE',NULL,7,NULL),(199,'D11','Silver','AVAILABLE',NULL,7,NULL),(200,'E1','Silver','AVAILABLE',NULL,7,NULL),(201,'E2','Silver','AVAILABLE',NULL,7,NULL),(202,'E3','Silver','AVAILABLE',NULL,7,NULL),(203,'E4','Silver','AVAILABLE',NULL,7,NULL),(204,'E5','Silver','AVAILABLE',NULL,7,NULL),(205,'E6','Silver','AVAILABLE',NULL,7,NULL),(206,'E7','Silver','AVAILABLE',NULL,7,NULL),(207,'E8','Silver','AVAILABLE',NULL,7,NULL),(208,'E9','Silver','AVAILABLE',NULL,7,NULL),(209,'E10','Silver','AVAILABLE',NULL,7,NULL),(210,'E11','Silver','AVAILABLE',NULL,7,NULL),(211,'F1','Silver','AVAILABLE',NULL,7,NULL),(212,'F2','Silver','AVAILABLE',NULL,7,NULL),(213,'F3','Silver','AVAILABLE',NULL,7,NULL),(214,'F4','Silver','AVAILABLE',NULL,7,NULL),(215,'F5','Silver','AVAILABLE',NULL,7,NULL),(216,'F6','Silver','AVAILABLE',NULL,7,NULL),(217,'F7','Silver','AVAILABLE',NULL,7,NULL),(218,'F8','Silver','AVAILABLE',NULL,7,NULL),(219,'F9','Silver','AVAILABLE',NULL,7,NULL),(220,'F10','Silver','AVAILABLE',NULL,7,NULL),(221,'F11','Silver','AVAILABLE',NULL,7,NULL),(222,'G1','Silver','AVAILABLE',NULL,7,NULL),(223,'G2','Silver','AVAILABLE',NULL,7,NULL),(224,'G3','Silver','AVAILABLE',NULL,7,NULL),(225,'G4','Silver','AVAILABLE',NULL,7,NULL),(226,'G5','Silver','AVAILABLE',NULL,7,NULL),(227,'G6','Silver','AVAILABLE',NULL,7,NULL),(228,'G7','Silver','AVAILABLE',NULL,7,NULL),(229,'G8','Silver','AVAILABLE',NULL,7,NULL),(230,'G9','Silver','AVAILABLE',NULL,7,NULL),(231,'G10','Silver','AVAILABLE',NULL,7,NULL),(232,'G11','Silver','AVAILABLE',NULL,7,NULL),(233,'H1','Silver','AVAILABLE',NULL,7,NULL),(234,'H2','Silver','AVAILABLE',NULL,7,NULL),(235,'H3','Silver','AVAILABLE',NULL,7,NULL),(236,'H4','Silver','AVAILABLE',NULL,7,NULL),(237,'H5','Silver','AVAILABLE',NULL,7,NULL),(238,'H6','Silver','AVAILABLE',NULL,7,NULL),(239,'H7','Silver','AVAILABLE',NULL,7,NULL),(240,'H8','Silver','AVAILABLE',NULL,7,NULL),(241,'H9','Silver','AVAILABLE',NULL,7,NULL),(242,'H10','Silver','AVAILABLE',NULL,7,NULL),(243,'H11','Silver','AVAILABLE',NULL,7,NULL),(244,'I1','Gold','AVAILABLE',NULL,7,NULL),(245,'I2','Gold','AVAILABLE',NULL,7,NULL),(246,'I3','Gold','AVAILABLE',NULL,7,NULL),(247,'I4','Gold','AVAILABLE',NULL,7,NULL),(248,'I5','Gold','AVAILABLE',NULL,7,NULL),(249,'I6','Gold','AVAILABLE',NULL,7,NULL),(250,'I7','Gold','AVAILABLE',NULL,7,NULL),(251,'I8','Gold','AVAILABLE',NULL,7,NULL),(252,'I9','Gold','AVAILABLE',NULL,7,NULL),(253,'I10','Gold','AVAILABLE',NULL,7,NULL),(254,'I11','Gold','AVAILABLE',NULL,7,NULL),(255,'J1','Gold','AVAILABLE',NULL,7,NULL),(256,'J2','Gold','AVAILABLE',NULL,7,NULL),(257,'J3','Gold','AVAILABLE',NULL,7,NULL),(258,'J4','Gold','AVAILABLE',NULL,7,NULL),(259,'J5','Gold','AVAILABLE',NULL,7,NULL),(260,'J6','Gold','AVAILABLE',NULL,7,NULL),(261,'J7','Gold','AVAILABLE',NULL,7,NULL),(262,'J8','Gold','AVAILABLE',NULL,7,NULL),(263,'J9','Gold','AVAILABLE',NULL,7,NULL),(264,'J10','Gold','AVAILABLE',NULL,7,NULL),(265,'J11','Gold','AVAILABLE',NULL,7,NULL),(266,'K1','Gold','AVAILABLE',NULL,7,NULL),(267,'K2','Gold','AVAILABLE',NULL,7,NULL),(268,'K3','Gold','AVAILABLE',NULL,7,NULL),(269,'K4','Gold','AVAILABLE',NULL,7,NULL),(270,'K5','Gold','AVAILABLE',NULL,7,NULL),(271,'K6','Gold','AVAILABLE',NULL,7,NULL),(272,'K7','Gold','AVAILABLE',NULL,7,NULL),(273,'K8','Gold','AVAILABLE',NULL,7,NULL),(274,'K9','Gold','AVAILABLE',NULL,7,NULL),(275,'K10','Gold','AVAILABLE',NULL,7,NULL),(276,'K11','Gold','AVAILABLE',NULL,7,NULL),(277,'L1','Gold','AVAILABLE',NULL,7,NULL),(278,'L2','Gold','AVAILABLE',NULL,7,NULL),(279,'L3','Gold','AVAILABLE',NULL,7,NULL),(280,'L4','Gold','AVAILABLE',NULL,7,NULL),(281,'L5','Gold','AVAILABLE',NULL,7,NULL),(282,'L6','Gold','AVAILABLE',NULL,7,NULL),(283,'L7','Gold','AVAILABLE',NULL,7,NULL),(284,'L8','Gold','AVAILABLE',NULL,7,NULL),(285,'L9','Gold','AVAILABLE',NULL,7,NULL),(286,'L10','Gold','AVAILABLE',NULL,7,NULL),(287,'L11','Gold','AVAILABLE',NULL,7,NULL),(288,'M1','Gold','AVAILABLE',NULL,7,NULL),(289,'M2','Gold','AVAILABLE',NULL,7,NULL),(290,'M3','Gold','AVAILABLE',NULL,7,NULL),(291,'M4','Gold','AVAILABLE',NULL,7,NULL),(292,'M5','Gold','AVAILABLE',NULL,7,NULL),(293,'M6','Gold','AVAILABLE',NULL,7,NULL),(294,'M7','Gold','AVAILABLE',NULL,7,NULL),(295,'M8','Gold','AVAILABLE',NULL,7,NULL),(296,'M9','Gold','AVAILABLE',NULL,7,NULL),(297,'M10','Gold','AVAILABLE',NULL,7,NULL),(298,'M11','Gold','AVAILABLE',NULL,7,NULL),(299,'N1','Premium','AVAILABLE',NULL,7,NULL),(300,'N2','Premium','AVAILABLE',NULL,7,NULL),(301,'N3','Premium','AVAILABLE',NULL,7,NULL),(302,'N4','Premium','AVAILABLE',NULL,7,NULL),(303,'N5','Premium','AVAILABLE',NULL,7,NULL),(304,'N6','Premium','AVAILABLE',NULL,7,NULL),(305,'N7','Premium','AVAILABLE',NULL,7,NULL),(306,'N8','Premium','AVAILABLE',NULL,7,NULL),(307,'N9','Premium','AVAILABLE',NULL,7,NULL),(308,'N10','Premium','AVAILABLE',NULL,7,NULL),(309,'N11','Premium','AVAILABLE',NULL,7,NULL),(310,'O1','Premium','AVAILABLE',NULL,7,NULL),(311,'O2','Premium','AVAILABLE',NULL,7,NULL),(312,'O3','Premium','AVAILABLE',NULL,7,NULL),(313,'O4','Premium','AVAILABLE',NULL,7,NULL),(314,'O5','Premium','AVAILABLE',NULL,7,NULL),(315,'O6','Premium','AVAILABLE',NULL,7,NULL),(316,'A1','Regular','AVAILABLE',NULL,8,NULL),(317,'A2','Regular','AVAILABLE',NULL,8,NULL),(318,'A3','Regular','AVAILABLE',NULL,8,NULL),(319,'A4','Regular','AVAILABLE',NULL,8,NULL),(320,'A5','Regular','AVAILABLE',NULL,8,NULL),(321,'A6','Regular','AVAILABLE',NULL,8,NULL),(322,'A7','Regular','AVAILABLE',NULL,8,NULL),(323,'A8','Regular','AVAILABLE',NULL,8,NULL),(324,'A9','Regular','AVAILABLE',NULL,8,NULL),(325,'A10','Regular','AVAILABLE',NULL,8,NULL),(326,'A11','Regular','AVAILABLE',NULL,8,NULL),(327,'A12','Regular','AVAILABLE',NULL,8,NULL),(328,'A13','Regular','AVAILABLE',NULL,8,NULL),(329,'A14','Regular','AVAILABLE',NULL,8,NULL),(330,'B1','Regular','AVAILABLE',NULL,8,NULL),(331,'B2','Regular','AVAILABLE',NULL,8,NULL),(332,'B3','Regular','AVAILABLE',NULL,8,NULL),(333,'B4','Regular','AVAILABLE',NULL,8,NULL),(334,'B5','Regular','AVAILABLE',NULL,8,NULL),(335,'B6','Regular','AVAILABLE',NULL,8,NULL),(336,'B7','Regular','AVAILABLE',NULL,8,NULL),(337,'B8','Regular','AVAILABLE',NULL,8,NULL),(338,'B9','Regular','AVAILABLE',NULL,8,NULL),(339,'B10','Regular','AVAILABLE',NULL,8,NULL),(340,'B11','Regular','AVAILABLE',NULL,8,NULL),(341,'B12','Regular','AVAILABLE',NULL,8,NULL),(342,'B13','Regular','AVAILABLE',NULL,8,NULL),(343,'B14','Regular','AVAILABLE',NULL,8,NULL),(344,'C1','Silver','AVAILABLE',NULL,8,NULL),(345,'C2','Silver','AVAILABLE',NULL,8,NULL),(346,'C3','Silver','AVAILABLE',NULL,8,NULL),(347,'C4','Silver','AVAILABLE',NULL,8,NULL),(348,'C5','Silver','AVAILABLE',NULL,8,NULL),(349,'C6','Silver','AVAILABLE',NULL,8,NULL),(350,'C7','Silver','AVAILABLE',NULL,8,NULL),(351,'C8','Silver','AVAILABLE',NULL,8,NULL),(352,'C9','Silver','AVAILABLE',NULL,8,NULL),(353,'C10','Silver','AVAILABLE',NULL,8,NULL),(354,'C11','Silver','AVAILABLE',NULL,8,NULL),(355,'C12','Silver','AVAILABLE',NULL,8,NULL),(356,'C13','Silver','AVAILABLE',NULL,8,NULL),(357,'C14','Silver','AVAILABLE',NULL,8,NULL),(358,'D1','Silver','AVAILABLE',NULL,8,NULL),(359,'D2','Silver','AVAILABLE',NULL,8,NULL),(360,'D3','Silver','AVAILABLE',NULL,8,NULL),(361,'D4','Silver','AVAILABLE',NULL,8,NULL),(362,'D5','Silver','AVAILABLE',NULL,8,NULL),(363,'D6','Silver','AVAILABLE',NULL,8,NULL),(364,'D7','Silver','AVAILABLE',NULL,8,NULL),(365,'D8','Silver','AVAILABLE',NULL,8,NULL),(366,'D9','Silver','AVAILABLE',NULL,8,NULL),(367,'D10','Silver','AVAILABLE',NULL,8,NULL),(368,'D11','Silver','AVAILABLE',NULL,8,NULL),(369,'D12','Silver','AVAILABLE',NULL,8,NULL),(370,'D13','Silver','AVAILABLE',NULL,8,NULL),(371,'D14','Silver','AVAILABLE',NULL,8,NULL),(372,'E1','Silver','AVAILABLE',NULL,8,NULL),(373,'E2','Silver','AVAILABLE',NULL,8,NULL),(374,'E3','Silver','AVAILABLE',NULL,8,NULL),(375,'E4','Silver','AVAILABLE',NULL,8,NULL),(376,'E5','Silver','AVAILABLE',NULL,8,NULL),(377,'E6','Silver','AVAILABLE',NULL,8,NULL),(378,'E7','Silver','AVAILABLE',NULL,8,NULL),(379,'E8','Silver','AVAILABLE',NULL,8,NULL),(380,'E9','Silver','AVAILABLE',NULL,8,NULL),(381,'E10','Silver','AVAILABLE',NULL,8,NULL),(382,'E11','Silver','AVAILABLE',NULL,8,NULL),(383,'E12','Silver','AVAILABLE',NULL,8,NULL),(384,'E13','Silver','AVAILABLE',NULL,8,NULL),(385,'E14','Silver','AVAILABLE',NULL,8,NULL),(386,'F1','Silver','AVAILABLE',NULL,8,NULL),(387,'F2','Silver','AVAILABLE',NULL,8,NULL),(388,'F3','Silver','AVAILABLE',NULL,8,NULL),(389,'F4','Silver','AVAILABLE',NULL,8,NULL),(390,'F5','Silver','AVAILABLE',NULL,8,NULL),(391,'F6','Silver','AVAILABLE',NULL,8,NULL),(392,'F7','Silver','AVAILABLE',NULL,8,NULL),(393,'F8','Silver','AVAILABLE',NULL,8,NULL),(394,'F9','Silver','AVAILABLE',NULL,8,NULL),(395,'F10','Silver','AVAILABLE',NULL,8,NULL),(396,'F11','Silver','AVAILABLE',NULL,8,NULL),(397,'F12','Silver','AVAILABLE',NULL,8,NULL),(398,'F13','Silver','AVAILABLE',NULL,8,NULL),(399,'F14','Silver','AVAILABLE',NULL,8,NULL),(400,'G1','Silver','AVAILABLE',NULL,8,NULL),(401,'G2','Silver','AVAILABLE',NULL,8,NULL),(402,'G3','Silver','AVAILABLE',NULL,8,NULL),(403,'G4','Silver','AVAILABLE',NULL,8,NULL),(404,'G5','Silver','AVAILABLE',NULL,8,NULL),(405,'G6','Silver','AVAILABLE',NULL,8,NULL),(406,'G7','Silver','AVAILABLE',NULL,8,NULL),(407,'G8','Silver','AVAILABLE',NULL,8,NULL),(408,'G9','Silver','AVAILABLE',NULL,8,NULL),(409,'G10','Silver','AVAILABLE',NULL,8,NULL),(410,'G11','Silver','AVAILABLE',NULL,8,NULL),(411,'G12','Silver','AVAILABLE',NULL,8,NULL),(412,'G13','Silver','AVAILABLE',NULL,8,NULL),(413,'G14','Silver','AVAILABLE',NULL,8,NULL),(414,'H1','Silver','AVAILABLE',NULL,8,NULL),(415,'H2','Silver','AVAILABLE',NULL,8,NULL),(416,'H3','Silver','AVAILABLE',NULL,8,NULL),(417,'H4','Silver','AVAILABLE',NULL,8,NULL),(418,'H5','Silver','AVAILABLE',NULL,8,NULL),(419,'H6','Silver','AVAILABLE',NULL,8,NULL),(420,'H7','Silver','AVAILABLE',NULL,8,NULL),(421,'H8','Silver','AVAILABLE',NULL,8,NULL),(422,'H9','Silver','AVAILABLE',NULL,8,NULL),(423,'H10','Silver','AVAILABLE',NULL,8,NULL),(424,'H11','Silver','AVAILABLE',NULL,8,NULL),(425,'H12','Silver','AVAILABLE',NULL,8,NULL),(426,'H13','Silver','AVAILABLE',NULL,8,NULL),(427,'H14','Silver','AVAILABLE',NULL,8,NULL),(428,'I1','Gold','AVAILABLE',NULL,8,NULL),(429,'I2','Gold','AVAILABLE',NULL,8,NULL),(430,'I3','Gold','AVAILABLE',NULL,8,NULL),(431,'I4','Gold','AVAILABLE',NULL,8,NULL),(432,'I5','Gold','AVAILABLE',NULL,8,NULL),(433,'I6','Gold','AVAILABLE',NULL,8,NULL),(434,'I7','Gold','AVAILABLE',NULL,8,NULL),(435,'I8','Gold','AVAILABLE',NULL,8,NULL),(436,'I9','Gold','AVAILABLE',NULL,8,NULL),(437,'I10','Gold','AVAILABLE',NULL,8,NULL),(438,'I11','Gold','AVAILABLE',NULL,8,NULL),(439,'I12','Gold','AVAILABLE',NULL,8,NULL),(440,'I13','Gold','AVAILABLE',NULL,8,NULL),(441,'I14','Gold','AVAILABLE',NULL,8,NULL),(442,'J1','Gold','AVAILABLE',NULL,8,NULL),(443,'J2','Gold','AVAILABLE',NULL,8,NULL),(444,'J3','Gold','AVAILABLE',NULL,8,NULL),(445,'J4','Gold','AVAILABLE',NULL,8,NULL),(446,'J5','Gold','AVAILABLE',NULL,8,NULL),(447,'J6','Gold','AVAILABLE',NULL,8,NULL),(448,'J7','Gold','AVAILABLE',NULL,8,NULL),(449,'J8','Gold','AVAILABLE',NULL,8,NULL),(450,'J9','Gold','AVAILABLE',NULL,8,NULL),(451,'J10','Gold','AVAILABLE',NULL,8,NULL),(452,'J11','Gold','AVAILABLE',NULL,8,NULL),(453,'J12','Gold','AVAILABLE',NULL,8,NULL),(454,'J13','Gold','AVAILABLE',NULL,8,NULL),(455,'J14','Gold','AVAILABLE',NULL,8,NULL),(456,'K1','Gold','AVAILABLE',NULL,8,NULL),(457,'K2','Gold','AVAILABLE',NULL,8,NULL),(458,'K3','Gold','AVAILABLE',NULL,8,NULL),(459,'K4','Gold','AVAILABLE',NULL,8,NULL),(460,'K5','Gold','AVAILABLE',NULL,8,NULL),(461,'K6','Gold','AVAILABLE',NULL,8,NULL),(462,'K7','Gold','AVAILABLE',NULL,8,NULL),(463,'K8','Gold','AVAILABLE',NULL,8,NULL),(464,'K9','Gold','AVAILABLE',NULL,8,NULL),(465,'K10','Gold','AVAILABLE',NULL,8,NULL),(466,'K11','Gold','AVAILABLE',NULL,8,NULL),(467,'K12','Gold','AVAILABLE',NULL,8,NULL),(468,'K13','Gold','AVAILABLE',NULL,8,NULL),(469,'K14','Gold','AVAILABLE',NULL,8,NULL),(470,'L1','Gold','AVAILABLE',NULL,8,NULL),(471,'L2','Gold','AVAILABLE',NULL,8,NULL),(472,'L3','Gold','AVAILABLE',NULL,8,NULL),(473,'L4','Gold','AVAILABLE',NULL,8,NULL),(474,'L5','Gold','AVAILABLE',NULL,8,NULL),(475,'L6','Gold','AVAILABLE',NULL,8,NULL),(476,'L7','Gold','AVAILABLE',NULL,8,NULL),(477,'L8','Gold','AVAILABLE',NULL,8,NULL),(478,'L9','Gold','AVAILABLE',NULL,8,NULL),(479,'L10','Gold','AVAILABLE',NULL,8,NULL),(480,'L11','Gold','AVAILABLE',NULL,8,NULL),(481,'L12','Gold','AVAILABLE',NULL,8,NULL),(482,'L13','Gold','AVAILABLE',NULL,8,NULL),(483,'L14','Gold','AVAILABLE',NULL,8,NULL),(484,'M1','Gold','AVAILABLE',NULL,8,NULL),(485,'M2','Gold','AVAILABLE',NULL,8,NULL),(486,'M3','Gold','AVAILABLE',NULL,8,NULL),(487,'M4','Gold','AVAILABLE',NULL,8,NULL),(488,'M5','Gold','AVAILABLE',NULL,8,NULL),(489,'M6','Gold','AVAILABLE',NULL,8,NULL),(490,'M7','Gold','AVAILABLE',NULL,8,NULL),(491,'M8','Gold','AVAILABLE',NULL,8,NULL),(492,'M9','Gold','AVAILABLE',NULL,8,NULL),(493,'M10','Gold','AVAILABLE',NULL,8,NULL),(494,'M11','Gold','AVAILABLE',NULL,8,NULL),(495,'M12','Gold','AVAILABLE',NULL,8,NULL),(496,'M13','Gold','AVAILABLE',NULL,8,NULL),(497,'M14','Gold','AVAILABLE',NULL,8,NULL),(498,'N1','Premium','AVAILABLE',NULL,8,NULL),(499,'N2','Premium','AVAILABLE',NULL,8,NULL),(500,'N3','Premium','AVAILABLE',NULL,8,NULL),(501,'N4','Premium','AVAILABLE',NULL,8,NULL),(502,'N5','Premium','AVAILABLE',NULL,8,NULL),(503,'N6','Premium','AVAILABLE',NULL,8,NULL),(504,'N7','Premium','AVAILABLE',NULL,8,NULL),(505,'N8','Premium','AVAILABLE',NULL,8,NULL),(506,'N9','Premium','AVAILABLE',NULL,8,NULL),(507,'N10','Premium','AVAILABLE',NULL,8,NULL),(508,'N11','Premium','AVAILABLE',NULL,8,NULL),(509,'N12','Premium','AVAILABLE',NULL,8,NULL),(510,'N13','Premium','AVAILABLE',NULL,8,NULL),(511,'N14','Premium','AVAILABLE',NULL,8,NULL),(512,'O1','Premium','AVAILABLE',NULL,8,NULL),(513,'O2','Premium','AVAILABLE',NULL,8,NULL),(514,'O3','Premium','AVAILABLE',NULL,8,NULL),(515,'O4','Premium','AVAILABLE',NULL,8,NULL),(516,'O5','Premium','AVAILABLE',NULL,8,NULL),(517,'O6','Premium','AVAILABLE',NULL,8,NULL),(518,'O7','Premium','AVAILABLE',NULL,8,NULL),(519,'O8','Premium','AVAILABLE',NULL,8,NULL),(520,'O9','Premium','AVAILABLE',NULL,8,NULL),(521,'O10','Premium','AVAILABLE',NULL,8,NULL),(522,'O11','Premium','AVAILABLE',NULL,8,NULL),(523,'O12','Premium','AVAILABLE',NULL,8,NULL),(524,'O13','Premium','AVAILABLE',NULL,8,NULL),(525,'O14','Premium','AVAILABLE',NULL,8,NULL),(526,'A1','Regular','AVAILABLE',NULL,10,NULL),(527,'A2','Regular','AVAILABLE',NULL,10,NULL),(528,'A3','Regular','AVAILABLE',NULL,10,NULL),(529,'A4','Regular','AVAILABLE',NULL,10,NULL),(530,'A5','Regular','AVAILABLE',NULL,10,NULL),(531,'A6','Regular','AVAILABLE',NULL,10,NULL),(532,'A7','Regular','AVAILABLE',NULL,10,NULL),(533,'A8','Regular','AVAILABLE',NULL,10,NULL),(534,'A9','Regular','AVAILABLE',NULL,10,NULL),(535,'A10','Regular','AVAILABLE',NULL,10,NULL),(536,'A11','Regular','AVAILABLE',NULL,10,NULL),(537,'A12','Regular','AVAILABLE',NULL,10,NULL),(538,'A13','Regular','AVAILABLE',NULL,10,NULL),(539,'A14','Regular','AVAILABLE',NULL,10,NULL),(540,'B1','Regular','AVAILABLE',NULL,10,NULL),(541,'B2','Regular','AVAILABLE',NULL,10,NULL),(542,'B3','Regular','AVAILABLE',NULL,10,NULL),(543,'B4','Regular','AVAILABLE',NULL,10,NULL),(544,'B5','Regular','AVAILABLE',NULL,10,NULL),(545,'B6','Regular','AVAILABLE',NULL,10,NULL),(546,'B7','Regular','AVAILABLE',NULL,10,NULL),(547,'B8','Regular','AVAILABLE',NULL,10,NULL),(548,'B9','Regular','AVAILABLE',NULL,10,NULL),(549,'B10','Regular','AVAILABLE',NULL,10,NULL),(550,'B11','Regular','AVAILABLE',NULL,10,NULL),(551,'B12','Regular','AVAILABLE',NULL,10,NULL),(552,'B13','Regular','AVAILABLE',NULL,10,NULL),(553,'B14','Regular','AVAILABLE',NULL,10,NULL),(554,'C1','Silver','AVAILABLE',NULL,10,NULL),(555,'C2','Silver','AVAILABLE',NULL,10,NULL),(556,'C3','Silver','AVAILABLE',NULL,10,NULL),(557,'C4','Silver','AVAILABLE',NULL,10,NULL),(558,'C5','Silver','AVAILABLE',NULL,10,NULL),(559,'C6','Silver','AVAILABLE',NULL,10,NULL),(560,'C7','Silver','AVAILABLE',NULL,10,NULL),(561,'C8','Silver','AVAILABLE',NULL,10,NULL),(562,'C9','Silver','AVAILABLE',NULL,10,NULL),(563,'C10','Silver','AVAILABLE',NULL,10,NULL),(564,'C11','Silver','AVAILABLE',NULL,10,NULL),(565,'C12','Silver','AVAILABLE',NULL,10,NULL),(566,'C13','Silver','AVAILABLE',NULL,10,NULL),(567,'C14','Silver','AVAILABLE',NULL,10,NULL),(568,'D1','Silver','AVAILABLE',NULL,10,NULL),(569,'D2','Silver','AVAILABLE',NULL,10,NULL),(570,'D3','Silver','AVAILABLE',NULL,10,NULL),(571,'D4','Silver','AVAILABLE',NULL,10,NULL),(572,'D5','Silver','AVAILABLE',NULL,10,NULL),(573,'D6','Silver','AVAILABLE',NULL,10,NULL),(574,'D7','Silver','AVAILABLE',NULL,10,NULL),(575,'D8','Silver','AVAILABLE',NULL,10,NULL),(576,'D9','Silver','AVAILABLE',NULL,10,NULL),(577,'D10','Silver','AVAILABLE',NULL,10,NULL),(578,'D11','Silver','AVAILABLE',NULL,10,NULL),(579,'D12','Silver','AVAILABLE',NULL,10,NULL),(580,'D13','Silver','AVAILABLE',NULL,10,NULL),(581,'D14','Silver','AVAILABLE',NULL,10,NULL),(582,'E1','Silver','AVAILABLE',NULL,10,NULL),(583,'E2','Silver','AVAILABLE',NULL,10,NULL),(584,'E3','Silver','AVAILABLE',NULL,10,NULL),(585,'E4','Silver','AVAILABLE',NULL,10,NULL),(586,'E5','Silver','AVAILABLE',NULL,10,NULL),(587,'E6','Silver','AVAILABLE',NULL,10,NULL),(588,'E7','Silver','AVAILABLE',NULL,10,NULL),(589,'E8','Silver','AVAILABLE',NULL,10,NULL),(590,'E9','Silver','AVAILABLE',NULL,10,NULL),(591,'E10','Silver','AVAILABLE',NULL,10,NULL),(592,'E11','Silver','AVAILABLE',NULL,10,NULL),(593,'E12','Silver','AVAILABLE',NULL,10,NULL),(594,'E13','Silver','AVAILABLE',NULL,10,NULL),(595,'E14','Silver','AVAILABLE',NULL,10,NULL),(596,'F1','Silver','AVAILABLE',NULL,10,NULL),(597,'F2','Silver','AVAILABLE',NULL,10,NULL),(598,'F3','Silver','AVAILABLE',NULL,10,NULL),(599,'F4','Silver','AVAILABLE',NULL,10,NULL),(600,'F5','Silver','AVAILABLE',NULL,10,NULL),(601,'F6','Silver','AVAILABLE',NULL,10,NULL),(602,'F7','Silver','AVAILABLE',NULL,10,NULL),(603,'F8','Silver','AVAILABLE',NULL,10,NULL),(604,'F9','Silver','AVAILABLE',NULL,10,NULL),(605,'F10','Silver','AVAILABLE',NULL,10,NULL),(606,'F11','Silver','AVAILABLE',NULL,10,NULL),(607,'F12','Silver','AVAILABLE',NULL,10,NULL),(608,'F13','Silver','AVAILABLE',NULL,10,NULL),(609,'F14','Silver','AVAILABLE',NULL,10,NULL),(610,'G1','Silver','AVAILABLE',NULL,10,NULL),(611,'G2','Silver','AVAILABLE',NULL,10,NULL),(612,'G3','Silver','AVAILABLE',NULL,10,NULL),(613,'G4','Silver','AVAILABLE',NULL,10,NULL),(614,'G5','Silver','AVAILABLE',NULL,10,NULL),(615,'G6','Silver','AVAILABLE',NULL,10,NULL),(616,'G7','Silver','AVAILABLE',NULL,10,NULL),(617,'G8','Silver','AVAILABLE',NULL,10,NULL),(618,'G9','Silver','AVAILABLE',NULL,10,NULL),(619,'G10','Silver','AVAILABLE',NULL,10,NULL),(620,'G11','Silver','AVAILABLE',NULL,10,NULL),(621,'G12','Silver','AVAILABLE',NULL,10,NULL),(622,'G13','Silver','AVAILABLE',NULL,10,NULL),(623,'G14','Silver','AVAILABLE',NULL,10,NULL),(624,'H1','Silver','AVAILABLE',NULL,10,NULL),(625,'H2','Silver','AVAILABLE',NULL,10,NULL),(626,'H3','Silver','AVAILABLE',NULL,10,NULL),(627,'H4','Silver','AVAILABLE',NULL,10,NULL),(628,'H5','Silver','AVAILABLE',NULL,10,NULL),(629,'H6','Silver','AVAILABLE',NULL,10,NULL),(630,'H7','Silver','AVAILABLE',NULL,10,NULL),(631,'H8','Silver','AVAILABLE',NULL,10,NULL),(632,'H9','Silver','AVAILABLE',NULL,10,NULL),(633,'H10','Silver','AVAILABLE',NULL,10,NULL),(634,'H11','Silver','AVAILABLE',NULL,10,NULL),(635,'H12','Silver','AVAILABLE',NULL,10,NULL),(636,'H13','Silver','AVAILABLE',NULL,10,NULL),(637,'H14','Silver','AVAILABLE',NULL,10,NULL),(638,'I1','Gold','AVAILABLE',NULL,10,NULL),(639,'I2','Gold','AVAILABLE',NULL,10,NULL),(640,'I3','Gold','AVAILABLE',NULL,10,NULL),(641,'I4','Gold','AVAILABLE',NULL,10,NULL),(642,'I5','Gold','AVAILABLE',NULL,10,NULL),(643,'I6','Gold','AVAILABLE',NULL,10,NULL),(644,'I7','Gold','AVAILABLE',NULL,10,NULL),(645,'I8','Gold','AVAILABLE',NULL,10,NULL),(646,'I9','Gold','AVAILABLE',NULL,10,NULL),(647,'I10','Gold','AVAILABLE',NULL,10,NULL),(648,'I11','Gold','AVAILABLE',NULL,10,NULL),(649,'I12','Gold','AVAILABLE',NULL,10,NULL),(650,'I13','Gold','AVAILABLE',NULL,10,NULL),(651,'I14','Gold','AVAILABLE',NULL,10,NULL),(652,'J1','Gold','AVAILABLE',NULL,10,NULL),(653,'J2','Gold','AVAILABLE',NULL,10,NULL),(654,'J3','Gold','AVAILABLE',NULL,10,NULL),(655,'J4','Gold','AVAILABLE',NULL,10,NULL),(656,'J5','Gold','AVAILABLE',NULL,10,NULL),(657,'J6','Gold','AVAILABLE',NULL,10,NULL),(658,'J7','Gold','AVAILABLE',NULL,10,NULL),(659,'J8','Gold','AVAILABLE',NULL,10,NULL),(660,'J9','Gold','AVAILABLE',NULL,10,NULL),(661,'J10','Gold','AVAILABLE',NULL,10,NULL),(662,'J11','Gold','AVAILABLE',NULL,10,NULL),(663,'J12','Gold','AVAILABLE',NULL,10,NULL),(664,'J13','Gold','AVAILABLE',NULL,10,NULL),(665,'J14','Gold','AVAILABLE',NULL,10,NULL),(666,'K1','Gold','AVAILABLE',NULL,10,NULL),(667,'K2','Gold','AVAILABLE',NULL,10,NULL),(668,'K3','Gold','AVAILABLE',NULL,10,NULL),(669,'K4','Gold','AVAILABLE',NULL,10,NULL),(670,'K5','Gold','AVAILABLE',NULL,10,NULL),(671,'K6','Gold','AVAILABLE',NULL,10,NULL),(672,'K7','Gold','AVAILABLE',NULL,10,NULL),(673,'K8','Gold','AVAILABLE',NULL,10,NULL),(674,'K9','Gold','AVAILABLE',NULL,10,NULL),(675,'K10','Gold','AVAILABLE',NULL,10,NULL),(676,'K11','Gold','AVAILABLE',NULL,10,NULL),(677,'K12','Gold','AVAILABLE',NULL,10,NULL),(678,'K13','Gold','AVAILABLE',NULL,10,NULL),(679,'K14','Gold','AVAILABLE',NULL,10,NULL),(680,'L1','Gold','AVAILABLE',NULL,10,NULL),(681,'L2','Gold','AVAILABLE',NULL,10,NULL),(682,'L3','Gold','AVAILABLE',NULL,10,NULL),(683,'L4','Gold','AVAILABLE',NULL,10,NULL),(684,'L5','Gold','AVAILABLE',NULL,10,NULL),(685,'L6','Gold','AVAILABLE',NULL,10,NULL),(686,'L7','Gold','AVAILABLE',NULL,10,NULL),(687,'L8','Gold','AVAILABLE',NULL,10,NULL),(688,'L9','Gold','AVAILABLE',NULL,10,NULL),(689,'L10','Gold','AVAILABLE',NULL,10,NULL),(690,'L11','Gold','AVAILABLE',NULL,10,NULL),(691,'L12','Gold','AVAILABLE',NULL,10,NULL),(692,'L13','Gold','AVAILABLE',NULL,10,NULL),(693,'L14','Gold','AVAILABLE',NULL,10,NULL),(694,'M1','Gold','AVAILABLE',NULL,10,NULL),(695,'M2','Gold','AVAILABLE',NULL,10,NULL),(696,'M3','Gold','AVAILABLE',NULL,10,NULL),(697,'M4','Gold','AVAILABLE',NULL,10,NULL),(698,'M5','Gold','AVAILABLE',NULL,10,NULL),(699,'M6','Gold','AVAILABLE',NULL,10,NULL),(700,'M7','Gold','AVAILABLE',NULL,10,NULL),(701,'M8','Gold','AVAILABLE',NULL,10,NULL),(702,'M9','Gold','AVAILABLE',NULL,10,NULL),(703,'M10','Gold','AVAILABLE',NULL,10,NULL),(704,'M11','Gold','AVAILABLE',NULL,10,NULL),(705,'M12','Gold','AVAILABLE',NULL,10,NULL),(706,'M13','Gold','AVAILABLE',NULL,10,NULL),(707,'M14','Gold','AVAILABLE',NULL,10,NULL),(708,'N1','Premium','AVAILABLE',NULL,10,NULL),(709,'N2','Premium','AVAILABLE',NULL,10,NULL),(710,'N3','Premium','AVAILABLE',NULL,10,NULL),(711,'N4','Premium','AVAILABLE',NULL,10,NULL),(712,'N5','Premium','AVAILABLE',NULL,10,NULL),(713,'N6','Premium','AVAILABLE',NULL,10,NULL),(714,'N7','Premium','AVAILABLE',NULL,10,NULL),(715,'N8','Premium','AVAILABLE',NULL,10,NULL),(716,'N9','Premium','AVAILABLE',NULL,10,NULL),(717,'N10','Premium','AVAILABLE',NULL,10,NULL),(718,'N11','Premium','AVAILABLE',NULL,10,NULL),(719,'N12','Premium','AVAILABLE',NULL,10,NULL),(720,'N13','Premium','AVAILABLE',NULL,10,NULL),(721,'N14','Premium','AVAILABLE',NULL,10,NULL),(722,'O1','Premium','AVAILABLE',NULL,10,NULL),(723,'O2','Premium','AVAILABLE',NULL,10,NULL),(724,'O3','Premium','AVAILABLE',NULL,10,NULL),(725,'O4','Premium','AVAILABLE',NULL,10,NULL),(726,'O5','Premium','AVAILABLE',NULL,10,NULL),(727,'O6','Premium','AVAILABLE',NULL,10,NULL),(728,'O7','Premium','AVAILABLE',NULL,10,NULL),(729,'O8','Premium','AVAILABLE',NULL,10,NULL),(730,'O9','Premium','AVAILABLE',NULL,10,NULL),(731,'O10','Premium','AVAILABLE',NULL,10,NULL),(732,'O11','Premium','AVAILABLE',NULL,10,NULL),(733,'O12','Premium','AVAILABLE',NULL,10,NULL),(734,'O13','Premium','AVAILABLE',NULL,10,NULL),(735,'O14','Premium','AVAILABLE',NULL,10,NULL),(736,'A1','Regular','AVAILABLE',NULL,11,NULL),(737,'A2','Regular','AVAILABLE',NULL,11,NULL),(738,'A3','Regular','AVAILABLE',NULL,11,NULL),(739,'A4','Regular','AVAILABLE',NULL,11,NULL),(740,'A5','Regular','AVAILABLE',NULL,11,NULL),(741,'A6','Regular','AVAILABLE',NULL,11,NULL),(742,'A7','Regular','AVAILABLE',NULL,11,NULL),(743,'A8','Regular','AVAILABLE',NULL,11,NULL),(744,'A9','Regular','AVAILABLE',NULL,11,NULL),(745,'A10','Regular','AVAILABLE',NULL,11,NULL),(746,'A11','Regular','AVAILABLE',NULL,11,NULL),(747,'A12','Regular','AVAILABLE',NULL,11,NULL),(748,'A13','Regular','AVAILABLE',NULL,11,NULL),(749,'A14','Regular','AVAILABLE',NULL,11,NULL),(750,'B1','Regular','AVAILABLE',NULL,11,NULL),(751,'B2','Regular','AVAILABLE',NULL,11,NULL),(752,'B3','Regular','AVAILABLE',NULL,11,NULL),(753,'B4','Regular','AVAILABLE',NULL,11,NULL),(754,'B5','Regular','AVAILABLE',NULL,11,NULL),(755,'B6','Regular','AVAILABLE',NULL,11,NULL),(756,'B7','Regular','AVAILABLE',NULL,11,NULL),(757,'B8','Regular','AVAILABLE',NULL,11,NULL),(758,'B9','Regular','AVAILABLE',NULL,11,NULL),(759,'B10','Regular','AVAILABLE',NULL,11,NULL),(760,'B11','Regular','AVAILABLE',NULL,11,NULL),(761,'B12','Regular','AVAILABLE',NULL,11,NULL),(762,'B13','Regular','AVAILABLE',NULL,11,NULL),(763,'B14','Regular','AVAILABLE',NULL,11,NULL),(764,'C1','Silver','AVAILABLE',NULL,11,NULL),(765,'C2','Silver','AVAILABLE',NULL,11,NULL),(766,'C3','Silver','AVAILABLE',NULL,11,NULL),(767,'C4','Silver','AVAILABLE',NULL,11,NULL),(768,'C5','Silver','AVAILABLE',NULL,11,NULL),(769,'C6','Silver','AVAILABLE',NULL,11,NULL),(770,'C7','Silver','AVAILABLE',NULL,11,NULL),(771,'C8','Silver','AVAILABLE',NULL,11,NULL),(772,'C9','Silver','AVAILABLE',NULL,11,NULL),(773,'C10','Silver','AVAILABLE',NULL,11,NULL),(774,'C11','Silver','AVAILABLE',NULL,11,NULL),(775,'C12','Silver','AVAILABLE',NULL,11,NULL),(776,'C13','Silver','AVAILABLE',NULL,11,NULL),(777,'C14','Silver','AVAILABLE',NULL,11,NULL),(778,'D1','Silver','AVAILABLE',NULL,11,NULL),(779,'D2','Silver','AVAILABLE',NULL,11,NULL),(780,'D3','Silver','AVAILABLE',NULL,11,NULL),(781,'D4','Silver','AVAILABLE',NULL,11,NULL),(782,'D5','Silver','AVAILABLE',NULL,11,NULL),(783,'D6','Silver','AVAILABLE',NULL,11,NULL),(784,'D7','Silver','AVAILABLE',NULL,11,NULL),(785,'D8','Silver','AVAILABLE',NULL,11,NULL),(786,'D9','Silver','AVAILABLE',NULL,11,NULL),(787,'D10','Silver','AVAILABLE',NULL,11,NULL),(788,'D11','Silver','AVAILABLE',NULL,11,NULL),(789,'D12','Silver','AVAILABLE',NULL,11,NULL),(790,'D13','Silver','AVAILABLE',NULL,11,NULL),(791,'D14','Silver','AVAILABLE',NULL,11,NULL),(792,'E1','Silver','AVAILABLE',NULL,11,NULL),(793,'E2','Silver','AVAILABLE',NULL,11,NULL),(794,'E3','Silver','AVAILABLE',NULL,11,NULL),(795,'E4','Silver','AVAILABLE',NULL,11,NULL),(796,'E5','Silver','AVAILABLE',NULL,11,NULL),(797,'E6','Silver','AVAILABLE',NULL,11,NULL),(798,'E7','Silver','AVAILABLE',NULL,11,NULL),(799,'E8','Silver','AVAILABLE',NULL,11,NULL),(800,'E9','Silver','AVAILABLE',NULL,11,NULL),(801,'E10','Silver','AVAILABLE',NULL,11,NULL),(802,'E11','Silver','AVAILABLE',NULL,11,NULL),(803,'E12','Silver','AVAILABLE',NULL,11,NULL),(804,'E13','Silver','AVAILABLE',NULL,11,NULL),(805,'E14','Silver','AVAILABLE',NULL,11,NULL),(806,'F1','Silver','AVAILABLE',NULL,11,NULL),(807,'F2','Silver','AVAILABLE',NULL,11,NULL),(808,'F3','Silver','AVAILABLE',NULL,11,NULL),(809,'F4','Silver','AVAILABLE',NULL,11,NULL),(810,'F5','Silver','AVAILABLE',NULL,11,NULL),(811,'F6','Silver','AVAILABLE',NULL,11,NULL),(812,'F7','Silver','AVAILABLE',NULL,11,NULL),(813,'F8','Silver','AVAILABLE',NULL,11,NULL),(814,'F9','Silver','AVAILABLE',NULL,11,NULL),(815,'F10','Silver','AVAILABLE',NULL,11,NULL),(816,'F11','Silver','AVAILABLE',NULL,11,NULL),(817,'F12','Silver','AVAILABLE',NULL,11,NULL),(818,'F13','Silver','AVAILABLE',NULL,11,NULL),(819,'F14','Silver','AVAILABLE',NULL,11,NULL),(820,'G1','Silver','AVAILABLE',NULL,11,NULL),(821,'G2','Silver','AVAILABLE',NULL,11,NULL),(822,'G3','Silver','AVAILABLE',NULL,11,NULL),(823,'G4','Silver','AVAILABLE',NULL,11,NULL),(824,'G5','Silver','AVAILABLE',NULL,11,NULL),(825,'G6','Silver','AVAILABLE',NULL,11,NULL),(826,'G7','Silver','AVAILABLE',NULL,11,NULL),(827,'G8','Silver','AVAILABLE',NULL,11,NULL),(828,'G9','Silver','AVAILABLE',NULL,11,NULL),(829,'G10','Silver','AVAILABLE',NULL,11,NULL),(830,'G11','Silver','AVAILABLE',NULL,11,NULL),(831,'G12','Silver','AVAILABLE',NULL,11,NULL),(832,'G13','Silver','AVAILABLE',NULL,11,NULL),(833,'G14','Silver','AVAILABLE',NULL,11,NULL),(834,'H1','Silver','AVAILABLE',NULL,11,NULL),(835,'H2','Silver','AVAILABLE',NULL,11,NULL),(836,'H3','Silver','AVAILABLE',NULL,11,NULL),(837,'H4','Silver','AVAILABLE',NULL,11,NULL),(838,'H5','Silver','AVAILABLE',NULL,11,NULL),(839,'H6','Silver','AVAILABLE',NULL,11,NULL),(840,'H7','Silver','AVAILABLE',NULL,11,NULL),(841,'H8','Silver','AVAILABLE',NULL,11,NULL),(842,'H9','Silver','AVAILABLE',NULL,11,NULL),(843,'H10','Silver','AVAILABLE',NULL,11,NULL),(844,'H11','Silver','AVAILABLE',NULL,11,NULL),(845,'H12','Silver','AVAILABLE',NULL,11,NULL),(846,'H13','Silver','AVAILABLE',NULL,11,NULL),(847,'H14','Silver','AVAILABLE',NULL,11,NULL),(848,'I1','Gold','AVAILABLE',NULL,11,NULL),(849,'I2','Gold','AVAILABLE',NULL,11,NULL),(850,'I3','Gold','AVAILABLE',NULL,11,NULL),(851,'I4','Gold','AVAILABLE',NULL,11,NULL),(852,'I5','Gold','AVAILABLE',NULL,11,NULL),(853,'I6','Gold','AVAILABLE',NULL,11,NULL),(854,'I7','Gold','AVAILABLE',NULL,11,NULL),(855,'I8','Gold','AVAILABLE',NULL,11,NULL),(856,'I9','Gold','AVAILABLE',NULL,11,NULL),(857,'I10','Gold','AVAILABLE',NULL,11,NULL),(858,'I11','Gold','AVAILABLE',NULL,11,NULL),(859,'I12','Gold','AVAILABLE',NULL,11,NULL),(860,'I13','Gold','AVAILABLE',NULL,11,NULL),(861,'I14','Gold','AVAILABLE',NULL,11,NULL),(862,'J1','Gold','AVAILABLE',NULL,11,NULL),(863,'J2','Gold','AVAILABLE',NULL,11,NULL),(864,'J3','Gold','AVAILABLE',NULL,11,NULL),(865,'J4','Gold','AVAILABLE',NULL,11,NULL),(866,'J5','Gold','AVAILABLE',NULL,11,NULL),(867,'J6','Gold','AVAILABLE',NULL,11,NULL),(868,'J7','Gold','AVAILABLE',NULL,11,NULL),(869,'J8','Gold','AVAILABLE',NULL,11,NULL),(870,'J9','Gold','AVAILABLE',NULL,11,NULL),(871,'J10','Gold','AVAILABLE',NULL,11,NULL),(872,'J11','Gold','AVAILABLE',NULL,11,NULL),(873,'J12','Gold','AVAILABLE',NULL,11,NULL),(874,'J13','Gold','AVAILABLE',NULL,11,NULL),(875,'J14','Gold','AVAILABLE',NULL,11,NULL),(876,'K1','Gold','AVAILABLE',NULL,11,NULL),(877,'K2','Gold','AVAILABLE',NULL,11,NULL),(878,'K3','Gold','AVAILABLE',NULL,11,NULL),(879,'K4','Gold','AVAILABLE',NULL,11,NULL),(880,'K5','Gold','AVAILABLE',NULL,11,NULL),(881,'K6','Gold','AVAILABLE',NULL,11,NULL),(882,'K7','Gold','AVAILABLE',NULL,11,NULL),(883,'K8','Gold','AVAILABLE',NULL,11,NULL),(884,'K9','Gold','AVAILABLE',NULL,11,NULL),(885,'K10','Gold','AVAILABLE',NULL,11,NULL),(886,'K11','Gold','AVAILABLE',NULL,11,NULL),(887,'K12','Gold','AVAILABLE',NULL,11,NULL),(888,'K13','Gold','AVAILABLE',NULL,11,NULL),(889,'K14','Gold','AVAILABLE',NULL,11,NULL),(890,'L1','Gold','AVAILABLE',NULL,11,NULL),(891,'L2','Gold','AVAILABLE',NULL,11,NULL),(892,'L3','Gold','AVAILABLE',NULL,11,NULL),(893,'L4','Gold','AVAILABLE',NULL,11,NULL),(894,'L5','Gold','AVAILABLE',NULL,11,NULL),(895,'L6','Gold','AVAILABLE',NULL,11,NULL),(896,'L7','Gold','AVAILABLE',NULL,11,NULL),(897,'L8','Gold','AVAILABLE',NULL,11,NULL),(898,'L9','Gold','AVAILABLE',NULL,11,NULL),(899,'L10','Gold','AVAILABLE',NULL,11,NULL),(900,'L11','Gold','AVAILABLE',NULL,11,NULL),(901,'L12','Gold','AVAILABLE',NULL,11,NULL),(902,'L13','Gold','AVAILABLE',NULL,11,NULL),(903,'L14','Gold','AVAILABLE',NULL,11,NULL),(904,'M1','Gold','AVAILABLE',NULL,11,NULL),(905,'M2','Gold','AVAILABLE',NULL,11,NULL),(906,'M3','Gold','AVAILABLE',NULL,11,NULL),(907,'M4','Gold','AVAILABLE',NULL,11,NULL),(908,'M5','Gold','AVAILABLE',NULL,11,NULL),(909,'M6','Gold','AVAILABLE',NULL,11,NULL),(910,'M7','Gold','AVAILABLE',NULL,11,NULL),(911,'M8','Gold','AVAILABLE',NULL,11,NULL),(912,'M9','Gold','AVAILABLE',NULL,11,NULL),(913,'M10','Gold','AVAILABLE',NULL,11,NULL),(914,'M11','Gold','AVAILABLE',NULL,11,NULL),(915,'M12','Gold','AVAILABLE',NULL,11,NULL),(916,'M13','Gold','AVAILABLE',NULL,11,NULL),(917,'M14','Gold','AVAILABLE',NULL,11,NULL),(918,'N1','Premium','AVAILABLE',NULL,11,NULL),(919,'N2','Premium','AVAILABLE',NULL,11,NULL),(920,'N3','Premium','AVAILABLE',NULL,11,NULL),(921,'N4','Premium','AVAILABLE',NULL,11,NULL),(922,'N5','Premium','AVAILABLE',NULL,11,NULL),(923,'N6','Premium','AVAILABLE',NULL,11,NULL),(924,'N7','Premium','AVAILABLE',NULL,11,NULL),(925,'N8','Premium','AVAILABLE',NULL,11,NULL),(926,'N9','Premium','AVAILABLE',NULL,11,NULL),(927,'N10','Premium','AVAILABLE',NULL,11,NULL),(928,'N11','Premium','AVAILABLE',NULL,11,NULL),(929,'N12','Premium','AVAILABLE',NULL,11,NULL),(930,'N13','Premium','AVAILABLE',NULL,11,NULL),(931,'N14','Premium','AVAILABLE',NULL,11,NULL),(932,'O1','Premium','AVAILABLE',NULL,11,NULL),(933,'O2','Premium','AVAILABLE',NULL,11,NULL),(934,'O3','Premium','AVAILABLE',NULL,11,NULL),(935,'O4','Premium','AVAILABLE',NULL,11,NULL),(936,'A1','Regular','AVAILABLE',NULL,12,NULL),(937,'A2','Regular','AVAILABLE',NULL,12,NULL),(938,'A3','Regular','AVAILABLE',NULL,12,NULL),(939,'A4','Regular','AVAILABLE',NULL,12,NULL),(940,'A5','Regular','AVAILABLE',NULL,12,NULL),(941,'A6','Regular','AVAILABLE',NULL,12,NULL),(942,'A7','Regular','AVAILABLE',NULL,12,NULL),(943,'A8','Regular','AVAILABLE',NULL,12,NULL),(944,'A9','Regular','AVAILABLE',NULL,12,NULL),(945,'A10','Regular','AVAILABLE',NULL,12,NULL),(946,'A11','Regular','AVAILABLE',NULL,12,NULL),(947,'A12','Regular','AVAILABLE',NULL,12,NULL),(948,'A13','Regular','AVAILABLE',NULL,12,NULL),(949,'A14','Regular','AVAILABLE',NULL,12,NULL),(950,'B1','Regular','AVAILABLE',NULL,12,NULL),(951,'B2','Regular','AVAILABLE',NULL,12,NULL),(952,'B3','Regular','AVAILABLE',NULL,12,NULL),(953,'B4','Regular','AVAILABLE',NULL,12,NULL),(954,'B5','Regular','AVAILABLE',NULL,12,NULL),(955,'B6','Regular','AVAILABLE',NULL,12,NULL),(956,'B7','Regular','AVAILABLE',NULL,12,NULL),(957,'B8','Regular','AVAILABLE',NULL,12,NULL),(958,'B9','Regular','AVAILABLE',NULL,12,NULL),(959,'B10','Regular','AVAILABLE',NULL,12,NULL),(960,'B11','Regular','AVAILABLE',NULL,12,NULL),(961,'B12','Regular','AVAILABLE',NULL,12,NULL),(962,'B13','Regular','AVAILABLE',NULL,12,NULL),(963,'B14','Regular','AVAILABLE',NULL,12,NULL),(964,'C1','Silver','AVAILABLE',NULL,12,NULL),(965,'C2','Silver','AVAILABLE',NULL,12,NULL),(966,'C3','Silver','AVAILABLE',NULL,12,NULL),(967,'C4','Silver','AVAILABLE',NULL,12,NULL),(968,'C5','Silver','AVAILABLE',NULL,12,NULL),(969,'C6','Silver','AVAILABLE',NULL,12,NULL),(970,'C7','Silver','AVAILABLE',NULL,12,NULL),(971,'C8','Silver','AVAILABLE',NULL,12,NULL),(972,'C9','Silver','AVAILABLE',NULL,12,NULL),(973,'C10','Silver','AVAILABLE',NULL,12,NULL),(974,'C11','Silver','AVAILABLE',NULL,12,NULL),(975,'C12','Silver','AVAILABLE',NULL,12,NULL),(976,'C13','Silver','AVAILABLE',NULL,12,NULL),(977,'C14','Silver','AVAILABLE',NULL,12,NULL),(978,'D1','Silver','AVAILABLE',NULL,12,NULL),(979,'D2','Silver','AVAILABLE',NULL,12,NULL),(980,'D3','Silver','AVAILABLE',NULL,12,NULL),(981,'D4','Silver','AVAILABLE',NULL,12,NULL),(982,'D5','Silver','AVAILABLE',NULL,12,NULL),(983,'D6','Silver','AVAILABLE',NULL,12,NULL),(984,'D7','Silver','AVAILABLE',NULL,12,NULL),(985,'D8','Silver','AVAILABLE',NULL,12,NULL),(986,'D9','Silver','AVAILABLE',NULL,12,NULL),(987,'D10','Silver','AVAILABLE',NULL,12,NULL),(988,'D11','Silver','AVAILABLE',NULL,12,NULL),(989,'D12','Silver','AVAILABLE',NULL,12,NULL),(990,'D13','Silver','AVAILABLE',NULL,12,NULL),(991,'D14','Silver','AVAILABLE',NULL,12,NULL),(992,'E1','Silver','AVAILABLE',NULL,12,NULL),(993,'E2','Silver','AVAILABLE',NULL,12,NULL),(994,'E3','Silver','AVAILABLE',NULL,12,NULL),(995,'E4','Silver','AVAILABLE',NULL,12,NULL),(996,'E5','Silver','AVAILABLE',NULL,12,NULL),(997,'E6','Silver','AVAILABLE',NULL,12,NULL),(998,'E7','Silver','AVAILABLE',NULL,12,NULL),(999,'E8','Silver','AVAILABLE',NULL,12,NULL),(1000,'E9','Silver','AVAILABLE',NULL,12,NULL),(1001,'E10','Silver','AVAILABLE',NULL,12,NULL),(1002,'E11','Silver','AVAILABLE',NULL,12,NULL),(1003,'E12','Silver','AVAILABLE',NULL,12,NULL),(1004,'E13','Silver','AVAILABLE',NULL,12,NULL),(1005,'E14','Silver','AVAILABLE',NULL,12,NULL),(1006,'F1','Silver','AVAILABLE',NULL,12,NULL),(1007,'F2','Silver','AVAILABLE',NULL,12,NULL),(1008,'F3','Silver','AVAILABLE',NULL,12,NULL),(1009,'F4','Silver','AVAILABLE',NULL,12,NULL),(1010,'F5','Silver','AVAILABLE',NULL,12,NULL),(1011,'F6','Silver','AVAILABLE',NULL,12,NULL),(1012,'F7','Silver','AVAILABLE',NULL,12,NULL),(1013,'F8','Silver','AVAILABLE',NULL,12,NULL),(1014,'F9','Silver','AVAILABLE',NULL,12,NULL),(1015,'F10','Silver','AVAILABLE',NULL,12,NULL),(1016,'F11','Silver','AVAILABLE',NULL,12,NULL),(1017,'F12','Silver','AVAILABLE',NULL,12,NULL),(1018,'F13','Silver','AVAILABLE',NULL,12,NULL),(1019,'F14','Silver','AVAILABLE',NULL,12,NULL),(1020,'G1','Silver','AVAILABLE',NULL,12,NULL),(1021,'G2','Silver','AVAILABLE',NULL,12,NULL),(1022,'G3','Silver','AVAILABLE',NULL,12,NULL),(1023,'G4','Silver','AVAILABLE',NULL,12,NULL),(1024,'G5','Silver','AVAILABLE',NULL,12,NULL),(1025,'G6','Silver','AVAILABLE',NULL,12,NULL),(1026,'G7','Silver','AVAILABLE',NULL,12,NULL),(1027,'G8','Silver','AVAILABLE',NULL,12,NULL),(1028,'G9','Silver','AVAILABLE',NULL,12,NULL),(1029,'G10','Silver','AVAILABLE',NULL,12,NULL),(1030,'G11','Silver','AVAILABLE',NULL,12,NULL),(1031,'G12','Silver','AVAILABLE',NULL,12,NULL),(1032,'G13','Silver','AVAILABLE',NULL,12,NULL),(1033,'G14','Silver','AVAILABLE',NULL,12,NULL),(1034,'H1','Silver','AVAILABLE',NULL,12,NULL),(1035,'H2','Silver','AVAILABLE',NULL,12,NULL),(1036,'H3','Silver','AVAILABLE',NULL,12,NULL),(1037,'H4','Silver','AVAILABLE',NULL,12,NULL),(1038,'H5','Silver','AVAILABLE',NULL,12,NULL),(1039,'H6','Silver','AVAILABLE',NULL,12,NULL),(1040,'H7','Silver','AVAILABLE',NULL,12,NULL),(1041,'H8','Silver','AVAILABLE',NULL,12,NULL),(1042,'H9','Silver','AVAILABLE',NULL,12,NULL),(1043,'H10','Silver','AVAILABLE',NULL,12,NULL),(1044,'H11','Silver','AVAILABLE',NULL,12,NULL),(1045,'H12','Silver','AVAILABLE',NULL,12,NULL),(1046,'H13','Silver','AVAILABLE',NULL,12,NULL),(1047,'H14','Silver','AVAILABLE',NULL,12,NULL),(1048,'I1','Gold','AVAILABLE',NULL,12,NULL),(1049,'I2','Gold','AVAILABLE',NULL,12,NULL),(1050,'I3','Gold','AVAILABLE',NULL,12,NULL),(1051,'I4','Gold','AVAILABLE',NULL,12,NULL),(1052,'I5','Gold','AVAILABLE',NULL,12,NULL),(1053,'I6','Gold','AVAILABLE',NULL,12,NULL),(1054,'I7','Gold','AVAILABLE',NULL,12,NULL),(1055,'I8','Gold','AVAILABLE',NULL,12,NULL),(1056,'I9','Gold','AVAILABLE',NULL,12,NULL),(1057,'I10','Gold','AVAILABLE',NULL,12,NULL),(1058,'I11','Gold','AVAILABLE',NULL,12,NULL),(1059,'I12','Gold','AVAILABLE',NULL,12,NULL),(1060,'I13','Gold','AVAILABLE',NULL,12,NULL),(1061,'I14','Gold','AVAILABLE',NULL,12,NULL),(1062,'J1','Gold','AVAILABLE',NULL,12,NULL),(1063,'J2','Gold','AVAILABLE',NULL,12,NULL),(1064,'J3','Gold','AVAILABLE',NULL,12,NULL),(1065,'J4','Gold','AVAILABLE',NULL,12,NULL),(1066,'J5','Gold','AVAILABLE',NULL,12,NULL),(1067,'J6','Gold','AVAILABLE',NULL,12,NULL),(1068,'J7','Gold','AVAILABLE',NULL,12,NULL),(1069,'J8','Gold','AVAILABLE',NULL,12,NULL),(1070,'J9','Gold','AVAILABLE',NULL,12,NULL),(1071,'J10','Gold','AVAILABLE',NULL,12,NULL),(1072,'J11','Gold','AVAILABLE',NULL,12,NULL),(1073,'J12','Gold','AVAILABLE',NULL,12,NULL),(1074,'J13','Gold','AVAILABLE',NULL,12,NULL),(1075,'J14','Gold','AVAILABLE',NULL,12,NULL),(1076,'K1','Gold','AVAILABLE',NULL,12,NULL),(1077,'K2','Gold','AVAILABLE',NULL,12,NULL),(1078,'K3','Gold','AVAILABLE',NULL,12,NULL),(1079,'K4','Gold','AVAILABLE',NULL,12,NULL),(1080,'K5','Gold','AVAILABLE',NULL,12,NULL),(1081,'K6','Gold','AVAILABLE',NULL,12,NULL),(1082,'K7','Gold','AVAILABLE',NULL,12,NULL),(1083,'K8','Gold','AVAILABLE',NULL,12,NULL),(1084,'K9','Gold','AVAILABLE',NULL,12,NULL),(1085,'K10','Gold','AVAILABLE',NULL,12,NULL),(1086,'K11','Gold','AVAILABLE',NULL,12,NULL),(1087,'K12','Gold','AVAILABLE',NULL,12,NULL),(1088,'K13','Gold','AVAILABLE',NULL,12,NULL),(1089,'K14','Gold','AVAILABLE',NULL,12,NULL),(1090,'L1','Gold','AVAILABLE',NULL,12,NULL),(1091,'L2','Gold','AVAILABLE',NULL,12,NULL),(1092,'L3','Gold','AVAILABLE',NULL,12,NULL),(1093,'L4','Gold','AVAILABLE',NULL,12,NULL),(1094,'L5','Gold','AVAILABLE',NULL,12,NULL),(1095,'L6','Gold','AVAILABLE',NULL,12,NULL),(1096,'L7','Gold','AVAILABLE',NULL,12,NULL),(1097,'L8','Gold','AVAILABLE',NULL,12,NULL),(1098,'L9','Gold','AVAILABLE',NULL,12,NULL),(1099,'L10','Gold','AVAILABLE',NULL,12,NULL),(1100,'L11','Gold','AVAILABLE',NULL,12,NULL),(1101,'L12','Gold','AVAILABLE',NULL,12,NULL),(1102,'L13','Gold','AVAILABLE',NULL,12,NULL),(1103,'L14','Gold','AVAILABLE',NULL,12,NULL),(1104,'M1','Gold','AVAILABLE',NULL,12,NULL),(1105,'M2','Gold','AVAILABLE',NULL,12,NULL),(1106,'M3','Gold','AVAILABLE',NULL,12,NULL),(1107,'M4','Gold','AVAILABLE',NULL,12,NULL),(1108,'M5','Gold','AVAILABLE',NULL,12,NULL),(1109,'M6','Gold','AVAILABLE',NULL,12,NULL),(1110,'M7','Gold','AVAILABLE',NULL,12,NULL),(1111,'M8','Gold','AVAILABLE',NULL,12,NULL),(1112,'M9','Gold','AVAILABLE',NULL,12,NULL),(1113,'M10','Gold','AVAILABLE',NULL,12,NULL),(1114,'M11','Gold','AVAILABLE',NULL,12,NULL),(1115,'M12','Gold','AVAILABLE',NULL,12,NULL),(1116,'M13','Gold','AVAILABLE',NULL,12,NULL),(1117,'M14','Gold','AVAILABLE',NULL,12,NULL),(1118,'N1','Premium','AVAILABLE',NULL,12,NULL),(1119,'N2','Premium','AVAILABLE',NULL,12,NULL),(1120,'N3','Premium','AVAILABLE',NULL,12,NULL),(1121,'N4','Premium','AVAILABLE',NULL,12,NULL),(1122,'N5','Premium','AVAILABLE',NULL,12,NULL),(1123,'N6','Premium','AVAILABLE',NULL,12,NULL),(1124,'N7','Premium','AVAILABLE',NULL,12,NULL),(1125,'N8','Premium','AVAILABLE',NULL,12,NULL),(1126,'N9','Premium','AVAILABLE',NULL,12,NULL),(1127,'N10','Premium','AVAILABLE',NULL,12,NULL),(1128,'N11','Premium','AVAILABLE',NULL,12,NULL),(1129,'N12','Premium','AVAILABLE',NULL,12,NULL),(1130,'N13','Premium','AVAILABLE',NULL,12,NULL),(1131,'N14','Premium','AVAILABLE',NULL,12,NULL),(1132,'O1','Premium','AVAILABLE',NULL,12,NULL),(1133,'O2','Premium','AVAILABLE',NULL,12,NULL),(1134,'O3','Premium','AVAILABLE',NULL,12,NULL),(1135,'O4','Premium','AVAILABLE',NULL,12,NULL),(1136,'A1','Regular','AVAILABLE',NULL,13,NULL),(1137,'A2','Regular','AVAILABLE',NULL,13,NULL),(1138,'A3','Regular','AVAILABLE',NULL,13,NULL),(1139,'A4','Regular','AVAILABLE',NULL,13,NULL),(1140,'A5','Regular','AVAILABLE',NULL,13,NULL),(1141,'A6','Regular','AVAILABLE',NULL,13,NULL),(1142,'A7','Regular','AVAILABLE',NULL,13,NULL),(1143,'A8','Regular','AVAILABLE',NULL,13,NULL),(1144,'A9','Regular','AVAILABLE',NULL,13,NULL),(1145,'A10','Regular','AVAILABLE',NULL,13,NULL),(1146,'A11','Regular','AVAILABLE',NULL,13,NULL),(1147,'A12','Regular','AVAILABLE',NULL,13,NULL),(1148,'A13','Regular','AVAILABLE',NULL,13,NULL),(1149,'A14','Regular','AVAILABLE',NULL,13,NULL),(1150,'B1','Regular','AVAILABLE',NULL,13,NULL),(1151,'B2','Regular','AVAILABLE',NULL,13,NULL),(1152,'B3','Regular','AVAILABLE',NULL,13,NULL),(1153,'B4','Regular','AVAILABLE',NULL,13,NULL),(1154,'B5','Regular','AVAILABLE',NULL,13,NULL),(1155,'B6','Regular','AVAILABLE',NULL,13,NULL),(1156,'B7','Regular','AVAILABLE',NULL,13,NULL),(1157,'B8','Regular','AVAILABLE',NULL,13,NULL),(1158,'B9','Regular','AVAILABLE',NULL,13,NULL),(1159,'B10','Regular','AVAILABLE',NULL,13,NULL),(1160,'B11','Regular','AVAILABLE',NULL,13,NULL),(1161,'B12','Regular','AVAILABLE',NULL,13,NULL),(1162,'B13','Regular','AVAILABLE',NULL,13,NULL),(1163,'B14','Regular','AVAILABLE',NULL,13,NULL),(1164,'C1','Silver','BOOKED',5,13,NULL),(1165,'C2','Silver','BOOKED',5,13,NULL),(1166,'C3','Silver','AVAILABLE',NULL,13,NULL),(1167,'C4','Silver','AVAILABLE',NULL,13,NULL),(1168,'C5','Silver','AVAILABLE',NULL,13,NULL),(1169,'C6','Silver','AVAILABLE',NULL,13,NULL),(1170,'C7','Silver','AVAILABLE',NULL,13,NULL),(1171,'C8','Silver','AVAILABLE',NULL,13,NULL),(1172,'C9','Silver','AVAILABLE',NULL,13,NULL),(1173,'C10','Silver','AVAILABLE',NULL,13,NULL),(1174,'C11','Silver','AVAILABLE',NULL,13,NULL),(1175,'C12','Silver','AVAILABLE',NULL,13,NULL),(1176,'C13','Silver','AVAILABLE',NULL,13,NULL),(1177,'C14','Silver','AVAILABLE',NULL,13,NULL),(1178,'D1','Silver','AVAILABLE',NULL,13,NULL),(1179,'D2','Silver','AVAILABLE',NULL,13,NULL),(1180,'D3','Silver','AVAILABLE',NULL,13,NULL),(1181,'D4','Silver','AVAILABLE',NULL,13,NULL),(1182,'D5','Silver','AVAILABLE',NULL,13,NULL),(1183,'D6','Silver','AVAILABLE',NULL,13,NULL),(1184,'D7','Silver','AVAILABLE',NULL,13,NULL),(1185,'D8','Silver','AVAILABLE',NULL,13,NULL),(1186,'D9','Silver','AVAILABLE',NULL,13,NULL),(1187,'D10','Silver','AVAILABLE',NULL,13,NULL),(1188,'D11','Silver','AVAILABLE',NULL,13,NULL),(1189,'D12','Silver','AVAILABLE',NULL,13,NULL),(1190,'D13','Silver','AVAILABLE',NULL,13,NULL),(1191,'D14','Silver','AVAILABLE',NULL,13,NULL),(1192,'E1','Silver','AVAILABLE',NULL,13,NULL),(1193,'E2','Silver','AVAILABLE',NULL,13,NULL),(1194,'E3','Silver','AVAILABLE',NULL,13,NULL),(1195,'E4','Silver','AVAILABLE',NULL,13,NULL),(1196,'E5','Silver','AVAILABLE',NULL,13,NULL),(1197,'E6','Silver','AVAILABLE',NULL,13,NULL),(1198,'E7','Silver','AVAILABLE',NULL,13,NULL),(1199,'E8','Silver','AVAILABLE',NULL,13,NULL),(1200,'E9','Silver','AVAILABLE',NULL,13,NULL),(1201,'E10','Silver','AVAILABLE',NULL,13,NULL),(1202,'E11','Silver','AVAILABLE',NULL,13,NULL),(1203,'E12','Silver','AVAILABLE',NULL,13,NULL),(1204,'E13','Silver','AVAILABLE',NULL,13,NULL),(1205,'E14','Silver','AVAILABLE',NULL,13,NULL),(1206,'F1','Silver','AVAILABLE',NULL,13,NULL),(1207,'F2','Silver','AVAILABLE',NULL,13,NULL),(1208,'F3','Silver','AVAILABLE',NULL,13,NULL),(1209,'F4','Silver','AVAILABLE',NULL,13,NULL),(1210,'F5','Silver','AVAILABLE',NULL,13,NULL),(1211,'F6','Silver','AVAILABLE',NULL,13,NULL),(1212,'F7','Silver','AVAILABLE',NULL,13,NULL),(1213,'F8','Silver','AVAILABLE',NULL,13,NULL),(1214,'F9','Silver','AVAILABLE',NULL,13,NULL),(1215,'F10','Silver','AVAILABLE',NULL,13,NULL),(1216,'F11','Silver','AVAILABLE',NULL,13,NULL),(1217,'F12','Silver','AVAILABLE',NULL,13,NULL),(1218,'F13','Silver','AVAILABLE',NULL,13,NULL),(1219,'F14','Silver','AVAILABLE',NULL,13,NULL),(1220,'G1','Silver','AVAILABLE',NULL,13,NULL),(1221,'G2','Silver','AVAILABLE',NULL,13,NULL),(1222,'G3','Silver','AVAILABLE',NULL,13,NULL),(1223,'G4','Silver','AVAILABLE',NULL,13,NULL),(1224,'G5','Silver','AVAILABLE',NULL,13,NULL),(1225,'G6','Silver','AVAILABLE',NULL,13,NULL),(1226,'G7','Silver','AVAILABLE',NULL,13,NULL),(1227,'G8','Silver','AVAILABLE',NULL,13,NULL),(1228,'G9','Silver','AVAILABLE',NULL,13,NULL),(1229,'G10','Silver','AVAILABLE',NULL,13,NULL),(1230,'G11','Silver','AVAILABLE',NULL,13,NULL),(1231,'G12','Silver','AVAILABLE',NULL,13,NULL),(1232,'G13','Silver','AVAILABLE',NULL,13,NULL),(1233,'G14','Silver','AVAILABLE',NULL,13,NULL),(1234,'H1','Silver','AVAILABLE',NULL,13,NULL),(1235,'H2','Silver','AVAILABLE',NULL,13,NULL),(1236,'H3','Silver','AVAILABLE',NULL,13,NULL),(1237,'H4','Silver','AVAILABLE',NULL,13,NULL),(1238,'H5','Silver','AVAILABLE',NULL,13,NULL),(1239,'H6','Silver','AVAILABLE',NULL,13,NULL),(1240,'H7','Silver','AVAILABLE',NULL,13,NULL),(1241,'H8','Silver','AVAILABLE',NULL,13,NULL),(1242,'H9','Silver','AVAILABLE',NULL,13,NULL),(1243,'H10','Silver','AVAILABLE',NULL,13,NULL),(1244,'H11','Silver','AVAILABLE',NULL,13,NULL),(1245,'H12','Silver','AVAILABLE',NULL,13,NULL),(1246,'H13','Silver','AVAILABLE',NULL,13,NULL),(1247,'H14','Silver','AVAILABLE',NULL,13,NULL),(1248,'I1','Gold','AVAILABLE',NULL,13,NULL),(1249,'I2','Gold','AVAILABLE',NULL,13,NULL),(1250,'I3','Gold','AVAILABLE',NULL,13,NULL),(1251,'I4','Gold','AVAILABLE',NULL,13,NULL),(1252,'I5','Gold','AVAILABLE',NULL,13,NULL),(1253,'I6','Gold','AVAILABLE',NULL,13,NULL),(1254,'I7','Gold','AVAILABLE',NULL,13,NULL),(1255,'I8','Gold','AVAILABLE',NULL,13,NULL),(1256,'I9','Gold','AVAILABLE',NULL,13,NULL),(1257,'I10','Gold','AVAILABLE',NULL,13,NULL),(1258,'I11','Gold','AVAILABLE',NULL,13,NULL),(1259,'I12','Gold','AVAILABLE',NULL,13,NULL),(1260,'I13','Gold','AVAILABLE',NULL,13,NULL),(1261,'I14','Gold','AVAILABLE',NULL,13,NULL),(1262,'J1','Gold','AVAILABLE',NULL,13,NULL),(1263,'J2','Gold','AVAILABLE',NULL,13,NULL),(1264,'J3','Gold','AVAILABLE',NULL,13,NULL),(1265,'J4','Gold','AVAILABLE',NULL,13,NULL),(1266,'J5','Gold','AVAILABLE',NULL,13,NULL),(1267,'J6','Gold','AVAILABLE',NULL,13,NULL),(1268,'J7','Gold','AVAILABLE',NULL,13,NULL),(1269,'J8','Gold','AVAILABLE',NULL,13,NULL),(1270,'J9','Gold','AVAILABLE',NULL,13,NULL),(1271,'J10','Gold','AVAILABLE',NULL,13,NULL),(1272,'J11','Gold','AVAILABLE',NULL,13,NULL),(1273,'J12','Gold','AVAILABLE',NULL,13,NULL),(1274,'J13','Gold','AVAILABLE',NULL,13,NULL),(1275,'J14','Gold','AVAILABLE',NULL,13,NULL),(1276,'K1','Gold','AVAILABLE',NULL,13,NULL),(1277,'K2','Gold','AVAILABLE',NULL,13,NULL),(1278,'K3','Gold','AVAILABLE',NULL,13,NULL),(1279,'K4','Gold','AVAILABLE',NULL,13,NULL),(1280,'K5','Gold','AVAILABLE',NULL,13,NULL),(1281,'K6','Gold','AVAILABLE',NULL,13,NULL),(1282,'K7','Gold','AVAILABLE',NULL,13,NULL),(1283,'K8','Gold','AVAILABLE',NULL,13,NULL),(1284,'K9','Gold','AVAILABLE',NULL,13,NULL),(1285,'K10','Gold','AVAILABLE',NULL,13,NULL),(1286,'K11','Gold','AVAILABLE',NULL,13,NULL),(1287,'K12','Gold','AVAILABLE',NULL,13,NULL),(1288,'K13','Gold','AVAILABLE',NULL,13,NULL),(1289,'K14','Gold','AVAILABLE',NULL,13,NULL),(1290,'L1','Gold','AVAILABLE',NULL,13,NULL),(1291,'L2','Gold','AVAILABLE',NULL,13,NULL),(1292,'L3','Gold','AVAILABLE',NULL,13,NULL),(1293,'L4','Gold','AVAILABLE',NULL,13,NULL),(1294,'L5','Gold','AVAILABLE',NULL,13,NULL),(1295,'L6','Gold','AVAILABLE',NULL,13,NULL),(1296,'L7','Gold','AVAILABLE',NULL,13,NULL),(1297,'L8','Gold','AVAILABLE',NULL,13,NULL),(1298,'L9','Gold','AVAILABLE',NULL,13,NULL),(1299,'L10','Gold','AVAILABLE',NULL,13,NULL),(1300,'L11','Gold','AVAILABLE',NULL,13,NULL),(1301,'L12','Gold','AVAILABLE',NULL,13,NULL),(1302,'L13','Gold','AVAILABLE',NULL,13,NULL),(1303,'L14','Gold','AVAILABLE',NULL,13,NULL),(1304,'M1','Gold','AVAILABLE',NULL,13,NULL),(1305,'M2','Gold','AVAILABLE',NULL,13,NULL),(1306,'M3','Gold','AVAILABLE',NULL,13,NULL),(1307,'M4','Gold','AVAILABLE',NULL,13,NULL),(1308,'M5','Gold','AVAILABLE',NULL,13,NULL),(1309,'M6','Gold','AVAILABLE',NULL,13,NULL),(1310,'M7','Gold','AVAILABLE',NULL,13,NULL),(1311,'M8','Gold','AVAILABLE',NULL,13,NULL),(1312,'M9','Gold','AVAILABLE',NULL,13,NULL),(1313,'M10','Gold','AVAILABLE',NULL,13,NULL),(1314,'M11','Gold','AVAILABLE',NULL,13,NULL),(1315,'M12','Gold','AVAILABLE',NULL,13,NULL),(1316,'M13','Gold','AVAILABLE',NULL,13,NULL),(1317,'M14','Gold','AVAILABLE',NULL,13,NULL),(1318,'N1','Premium','AVAILABLE',NULL,13,NULL),(1319,'N2','Premium','AVAILABLE',NULL,13,NULL),(1320,'N3','Premium','AVAILABLE',NULL,13,NULL),(1321,'N4','Premium','AVAILABLE',NULL,13,NULL),(1322,'N5','Premium','AVAILABLE',NULL,13,NULL),(1323,'N6','Premium','AVAILABLE',NULL,13,NULL),(1324,'N7','Premium','AVAILABLE',NULL,13,NULL),(1325,'N8','Premium','AVAILABLE',NULL,13,NULL),(1326,'N9','Premium','AVAILABLE',NULL,13,NULL),(1327,'N10','Premium','AVAILABLE',NULL,13,NULL),(1328,'N11','Premium','AVAILABLE',NULL,13,NULL),(1329,'N12','Premium','AVAILABLE',NULL,13,NULL),(1330,'N13','Premium','AVAILABLE',NULL,13,NULL),(1331,'N14','Premium','AVAILABLE',NULL,13,NULL),(1332,'O1','Premium','AVAILABLE',NULL,13,NULL),(1333,'O2','Premium','AVAILABLE',NULL,13,NULL),(1334,'O3','Premium','BOOKED',5,13,NULL),(1335,'O4','Premium','BOOKED',5,13,NULL),(1336,'A1','Regular','AVAILABLE',NULL,14,NULL),(1337,'A2','Regular','AVAILABLE',NULL,14,NULL),(1338,'A3','Regular','AVAILABLE',NULL,14,NULL),(1339,'A4','Regular','AVAILABLE',NULL,14,NULL),(1340,'A5','Regular','AVAILABLE',NULL,14,NULL),(1341,'A6','Regular','AVAILABLE',NULL,14,NULL),(1342,'A7','Regular','AVAILABLE',NULL,14,NULL),(1343,'A8','Regular','AVAILABLE',NULL,14,NULL),(1344,'A9','Regular','AVAILABLE',NULL,14,NULL),(1345,'A10','Regular','AVAILABLE',NULL,14,NULL),(1346,'A11','Regular','AVAILABLE',NULL,14,NULL),(1347,'A12','Regular','AVAILABLE',NULL,14,NULL),(1348,'A13','Regular','AVAILABLE',NULL,14,NULL),(1349,'B1','Regular','AVAILABLE',NULL,14,NULL),(1350,'B2','Regular','AVAILABLE',NULL,14,NULL),(1351,'B3','Regular','AVAILABLE',NULL,14,NULL),(1352,'B4','Regular','AVAILABLE',NULL,14,NULL),(1353,'B5','Regular','AVAILABLE',NULL,14,NULL),(1354,'B6','Regular','AVAILABLE',NULL,14,NULL),(1355,'B7','Regular','AVAILABLE',NULL,14,NULL),(1356,'B8','Regular','AVAILABLE',NULL,14,NULL),(1357,'B9','Regular','AVAILABLE',NULL,14,NULL),(1358,'B10','Regular','AVAILABLE',NULL,14,NULL),(1359,'B11','Regular','AVAILABLE',NULL,14,NULL),(1360,'B12','Regular','AVAILABLE',NULL,14,NULL),(1361,'B13','Regular','AVAILABLE',NULL,14,NULL),(1362,'C1','Silver','AVAILABLE',NULL,14,NULL),(1363,'C2','Silver','AVAILABLE',NULL,14,NULL),(1364,'C3','Silver','AVAILABLE',NULL,14,NULL),(1365,'C4','Silver','AVAILABLE',NULL,14,NULL),(1366,'C5','Silver','AVAILABLE',NULL,14,NULL),(1367,'C6','Silver','AVAILABLE',NULL,14,NULL),(1368,'C7','Silver','AVAILABLE',NULL,14,NULL),(1369,'C8','Silver','AVAILABLE',NULL,14,NULL),(1370,'C9','Silver','AVAILABLE',NULL,14,NULL),(1371,'C10','Silver','AVAILABLE',NULL,14,NULL),(1372,'C11','Silver','AVAILABLE',NULL,14,NULL),(1373,'C12','Silver','AVAILABLE',NULL,14,NULL),(1374,'C13','Silver','AVAILABLE',NULL,14,NULL),(1375,'D1','Silver','AVAILABLE',NULL,14,NULL),(1376,'D2','Silver','AVAILABLE',NULL,14,NULL),(1377,'D3','Silver','AVAILABLE',NULL,14,NULL),(1378,'D4','Silver','AVAILABLE',NULL,14,NULL),(1379,'D5','Silver','AVAILABLE',NULL,14,NULL),(1380,'D6','Silver','AVAILABLE',NULL,14,NULL),(1381,'D7','Silver','AVAILABLE',NULL,14,NULL),(1382,'D8','Silver','AVAILABLE',NULL,14,NULL),(1383,'D9','Silver','AVAILABLE',NULL,14,NULL),(1384,'D10','Silver','AVAILABLE',NULL,14,NULL),(1385,'D11','Silver','AVAILABLE',NULL,14,NULL),(1386,'D12','Silver','AVAILABLE',NULL,14,NULL),(1387,'D13','Silver','AVAILABLE',NULL,14,NULL),(1388,'E1','Silver','AVAILABLE',NULL,14,NULL),(1389,'E2','Silver','AVAILABLE',NULL,14,NULL),(1390,'E3','Silver','AVAILABLE',NULL,14,NULL),(1391,'E4','Silver','AVAILABLE',NULL,14,NULL),(1392,'E5','Silver','AVAILABLE',NULL,14,NULL),(1393,'E6','Silver','AVAILABLE',NULL,14,NULL),(1394,'E7','Silver','AVAILABLE',NULL,14,NULL),(1395,'E8','Silver','AVAILABLE',NULL,14,NULL),(1396,'E9','Silver','AVAILABLE',NULL,14,NULL),(1397,'E10','Silver','AVAILABLE',NULL,14,NULL),(1398,'E11','Silver','AVAILABLE',NULL,14,NULL),(1399,'E12','Silver','AVAILABLE',NULL,14,NULL),(1400,'E13','Silver','AVAILABLE',NULL,14,NULL),(1401,'F1','Silver','AVAILABLE',NULL,14,NULL),(1402,'F2','Silver','AVAILABLE',NULL,14,NULL),(1403,'F3','Silver','AVAILABLE',NULL,14,NULL),(1404,'F4','Silver','AVAILABLE',NULL,14,NULL),(1405,'F5','Silver','AVAILABLE',NULL,14,NULL),(1406,'F6','Silver','AVAILABLE',NULL,14,NULL),(1407,'F7','Silver','AVAILABLE',NULL,14,NULL),(1408,'F8','Silver','AVAILABLE',NULL,14,NULL),(1409,'F9','Silver','AVAILABLE',NULL,14,NULL),(1410,'F10','Silver','AVAILABLE',NULL,14,NULL),(1411,'F11','Silver','AVAILABLE',NULL,14,NULL),(1412,'F12','Silver','AVAILABLE',NULL,14,NULL),(1413,'F13','Silver','AVAILABLE',NULL,14,NULL),(1414,'G1','Silver','AVAILABLE',NULL,14,NULL),(1415,'G2','Silver','AVAILABLE',NULL,14,NULL),(1416,'G3','Silver','AVAILABLE',NULL,14,NULL),(1417,'G4','Silver','AVAILABLE',NULL,14,NULL),(1418,'G5','Silver','AVAILABLE',NULL,14,NULL),(1419,'G6','Silver','AVAILABLE',NULL,14,NULL),(1420,'G7','Silver','AVAILABLE',NULL,14,NULL),(1421,'G8','Silver','AVAILABLE',NULL,14,NULL),(1422,'G9','Silver','AVAILABLE',NULL,14,NULL),(1423,'G10','Silver','AVAILABLE',NULL,14,NULL),(1424,'G11','Silver','AVAILABLE',NULL,14,NULL),(1425,'G12','Silver','AVAILABLE',NULL,14,NULL),(1426,'G13','Silver','AVAILABLE',NULL,14,NULL),(1427,'H1','Silver','AVAILABLE',NULL,14,NULL),(1428,'H2','Silver','AVAILABLE',NULL,14,NULL),(1429,'H3','Silver','AVAILABLE',NULL,14,NULL),(1430,'H4','Silver','AVAILABLE',NULL,14,NULL),(1431,'H5','Silver','AVAILABLE',NULL,14,NULL),(1432,'H6','Silver','AVAILABLE',NULL,14,NULL),(1433,'H7','Silver','AVAILABLE',NULL,14,NULL),(1434,'H8','Silver','AVAILABLE',NULL,14,NULL),(1435,'H9','Silver','AVAILABLE',NULL,14,NULL),(1436,'H10','Silver','AVAILABLE',NULL,14,NULL),(1437,'H11','Silver','AVAILABLE',NULL,14,NULL),(1438,'H12','Silver','AVAILABLE',NULL,14,NULL),(1439,'H13','Silver','AVAILABLE',NULL,14,NULL),(1440,'I1','Gold','AVAILABLE',NULL,14,NULL),(1441,'I2','Gold','AVAILABLE',NULL,14,NULL),(1442,'I3','Gold','AVAILABLE',NULL,14,NULL),(1443,'I4','Gold','AVAILABLE',NULL,14,NULL),(1444,'I5','Gold','AVAILABLE',NULL,14,NULL),(1445,'I6','Gold','AVAILABLE',NULL,14,NULL),(1446,'I7','Gold','AVAILABLE',NULL,14,NULL),(1447,'I8','Gold','AVAILABLE',NULL,14,NULL),(1448,'I9','Gold','AVAILABLE',NULL,14,NULL),(1449,'I10','Gold','AVAILABLE',NULL,14,NULL),(1450,'I11','Gold','AVAILABLE',NULL,14,NULL),(1451,'I12','Gold','AVAILABLE',NULL,14,NULL),(1452,'I13','Gold','AVAILABLE',NULL,14,NULL),(1453,'J1','Gold','AVAILABLE',NULL,14,NULL),(1454,'J2','Gold','AVAILABLE',NULL,14,NULL),(1455,'J3','Gold','AVAILABLE',NULL,14,NULL),(1456,'J4','Gold','AVAILABLE',NULL,14,NULL),(1457,'J5','Gold','AVAILABLE',NULL,14,NULL),(1458,'J6','Gold','AVAILABLE',NULL,14,NULL),(1459,'J7','Gold','AVAILABLE',NULL,14,NULL),(1460,'J8','Gold','AVAILABLE',NULL,14,NULL),(1461,'J9','Gold','AVAILABLE',NULL,14,NULL),(1462,'J10','Gold','AVAILABLE',NULL,14,NULL),(1463,'J11','Gold','AVAILABLE',NULL,14,NULL),(1464,'J12','Gold','AVAILABLE',NULL,14,NULL),(1465,'J13','Gold','AVAILABLE',NULL,14,NULL),(1466,'K1','Gold','AVAILABLE',NULL,14,NULL),(1467,'K2','Gold','AVAILABLE',NULL,14,NULL),(1468,'K3','Gold','AVAILABLE',NULL,14,NULL),(1469,'K4','Gold','AVAILABLE',NULL,14,NULL),(1470,'K5','Gold','AVAILABLE',NULL,14,NULL),(1471,'K6','Gold','AVAILABLE',NULL,14,NULL),(1472,'K7','Gold','AVAILABLE',NULL,14,NULL),(1473,'K8','Gold','AVAILABLE',NULL,14,NULL),(1474,'K9','Gold','AVAILABLE',NULL,14,NULL),(1475,'K10','Gold','AVAILABLE',NULL,14,NULL),(1476,'K11','Gold','AVAILABLE',NULL,14,NULL),(1477,'K12','Gold','AVAILABLE',NULL,14,NULL),(1478,'K13','Gold','AVAILABLE',NULL,14,NULL),(1479,'L1','Gold','AVAILABLE',NULL,14,NULL),(1480,'L2','Gold','AVAILABLE',NULL,14,NULL),(1481,'L3','Gold','AVAILABLE',NULL,14,NULL),(1482,'L4','Gold','AVAILABLE',NULL,14,NULL),(1483,'L5','Gold','AVAILABLE',NULL,14,NULL),(1484,'L6','Gold','AVAILABLE',NULL,14,NULL),(1485,'L7','Gold','AVAILABLE',NULL,14,NULL),(1486,'L8','Gold','AVAILABLE',NULL,14,NULL),(1487,'L9','Gold','AVAILABLE',NULL,14,NULL),(1488,'L10','Gold','AVAILABLE',NULL,14,NULL),(1489,'L11','Gold','AVAILABLE',NULL,14,NULL),(1490,'L12','Gold','AVAILABLE',NULL,14,NULL),(1491,'L13','Gold','AVAILABLE',NULL,14,NULL),(1492,'M1','Gold','AVAILABLE',NULL,14,NULL),(1493,'M2','Gold','AVAILABLE',NULL,14,NULL),(1494,'M3','Gold','AVAILABLE',NULL,14,NULL),(1495,'M4','Gold','AVAILABLE',NULL,14,NULL),(1496,'M5','Gold','AVAILABLE',NULL,14,NULL),(1497,'M6','Gold','AVAILABLE',NULL,14,NULL),(1498,'M7','Gold','AVAILABLE',NULL,14,NULL),(1499,'M8','Gold','AVAILABLE',NULL,14,NULL),(1500,'M9','Gold','AVAILABLE',NULL,14,NULL),(1501,'M10','Gold','AVAILABLE',NULL,14,NULL),(1502,'M11','Gold','AVAILABLE',NULL,14,NULL),(1503,'M12','Gold','AVAILABLE',NULL,14,NULL),(1504,'M13','Gold','AVAILABLE',NULL,14,NULL),(1505,'N1','Premium','BOOKED',6,14,NULL),(1506,'N2','Premium','BOOKED',6,14,NULL),(1507,'N3','Premium','AVAILABLE',NULL,14,NULL),(1508,'N4','Premium','AVAILABLE',NULL,14,NULL),(1509,'N5','Premium','AVAILABLE',NULL,14,NULL),(1510,'N6','Premium','AVAILABLE',NULL,14,NULL),(1511,'N7','Premium','AVAILABLE',NULL,14,NULL),(1512,'N8','Premium','AVAILABLE',NULL,14,NULL),(1513,'N9','Premium','AVAILABLE',NULL,14,NULL),(1514,'N10','Premium','AVAILABLE',NULL,14,NULL),(1515,'N11','Premium','AVAILABLE',NULL,14,NULL),(1516,'N12','Premium','AVAILABLE',NULL,14,NULL),(1517,'N13','Premium','AVAILABLE',NULL,14,NULL),(1518,'O1','Premium','AVAILABLE',NULL,14,NULL),(1519,'O2','Premium','AVAILABLE',NULL,14,NULL),(1520,'O3','Premium','AVAILABLE',NULL,14,NULL),(1521,'O4','Premium','AVAILABLE',NULL,14,NULL),(1522,'O5','Premium','AVAILABLE',NULL,14,NULL),(1523,'O6','Premium','AVAILABLE',NULL,14,NULL),(1524,'O7','Premium','AVAILABLE',NULL,14,NULL),(1525,'O8','Premium','AVAILABLE',NULL,14,NULL),(3526,'A1','REGULAR','AVAILABLE',NULL,16,100),(3527,'A2','REGULAR','AVAILABLE',NULL,16,100),(3528,'A3','REGULAR','AVAILABLE',NULL,16,100),(3529,'A4','REGULAR','AVAILABLE',NULL,16,100),(3530,'A5','REGULAR','AVAILABLE',NULL,16,100),(3531,'A6','REGULAR','AVAILABLE',NULL,16,100),(3532,'A7','REGULAR','AVAILABLE',NULL,16,100),(3533,'A8','REGULAR','AVAILABLE',NULL,16,100),(3534,'A9','REGULAR','AVAILABLE',NULL,16,100),(3535,'A10','REGULAR','AVAILABLE',NULL,16,100),(3536,'A11','REGULAR','AVAILABLE',NULL,16,100),(3537,'A12','REGULAR','AVAILABLE',NULL,16,100),(3538,'A13','REGULAR','AVAILABLE',NULL,16,100),(3539,'A14','REGULAR','AVAILABLE',NULL,16,100),(3540,'A15','REGULAR','AVAILABLE',NULL,16,100),(3541,'A16','REGULAR','AVAILABLE',NULL,16,100),(3542,'A17','REGULAR','AVAILABLE',NULL,16,100),(3543,'A18','REGULAR','AVAILABLE',NULL,16,100),(3544,'A19','REGULAR','AVAILABLE',NULL,16,100),(3545,'A20','REGULAR','AVAILABLE',NULL,16,100),(3546,'A21','REGULAR','AVAILABLE',NULL,16,100),(3547,'A22','REGULAR','AVAILABLE',NULL,16,100),(3548,'A23','REGULAR','AVAILABLE',NULL,16,100),(3549,'A24','REGULAR','AVAILABLE',NULL,16,100),(3550,'A25','REGULAR','AVAILABLE',NULL,16,100),(3551,'A26','REGULAR','AVAILABLE',NULL,16,100),(3552,'A27','REGULAR','AVAILABLE',NULL,16,100),(3553,'A28','REGULAR','AVAILABLE',NULL,16,100),(3554,'A29','REGULAR','AVAILABLE',NULL,16,100),(3555,'A30','REGULAR','AVAILABLE',NULL,16,100),(3556,'A31','REGULAR','AVAILABLE',NULL,16,100),(3557,'A32','REGULAR','AVAILABLE',NULL,16,100),(3558,'A33','REGULAR','AVAILABLE',NULL,16,100),(3559,'A34','REGULAR','AVAILABLE',NULL,16,100),(3560,'A35','REGULAR','AVAILABLE',NULL,16,100),(3561,'A36','REGULAR','AVAILABLE',NULL,16,100),(3562,'A37','REGULAR','AVAILABLE',NULL,16,100),(3563,'A38','REGULAR','AVAILABLE',NULL,16,100),(3564,'A39','REGULAR','AVAILABLE',NULL,16,100),(3565,'A40','REGULAR','AVAILABLE',NULL,16,100),(3566,'B1','SILVER','AVAILABLE',NULL,16,150),(3567,'B2','SILVER','AVAILABLE',NULL,16,150),(3568,'B3','SILVER','AVAILABLE',NULL,16,150),(3569,'B4','SILVER','AVAILABLE',NULL,16,150),(3570,'B5','SILVER','AVAILABLE',NULL,16,150),(3571,'B6','SILVER','AVAILABLE',NULL,16,150),(3572,'B7','SILVER','AVAILABLE',NULL,16,150),(3573,'B8','SILVER','AVAILABLE',NULL,16,150),(3574,'B9','SILVER','AVAILABLE',NULL,16,150),(3575,'B10','SILVER','AVAILABLE',NULL,16,150),(3576,'B11','SILVER','AVAILABLE',NULL,16,150),(3577,'B12','SILVER','AVAILABLE',NULL,16,150),(3578,'B13','SILVER','AVAILABLE',NULL,16,150),(3579,'B14','SILVER','AVAILABLE',NULL,16,150),(3580,'B15','SILVER','AVAILABLE',NULL,16,150),(3581,'B16','SILVER','AVAILABLE',NULL,16,150),(3582,'B17','SILVER','AVAILABLE',NULL,16,150),(3583,'B18','SILVER','AVAILABLE',NULL,16,150),(3584,'B19','SILVER','AVAILABLE',NULL,16,150),(3585,'B20','SILVER','AVAILABLE',NULL,16,150),(3586,'B21','SILVER','AVAILABLE',NULL,16,150),(3587,'B22','SILVER','AVAILABLE',NULL,16,150),(3588,'B23','SILVER','AVAILABLE',NULL,16,150),(3589,'B24','SILVER','AVAILABLE',NULL,16,150),(3590,'B25','SILVER','AVAILABLE',NULL,16,150),(3591,'B26','SILVER','AVAILABLE',NULL,16,150),(3592,'B27','SILVER','AVAILABLE',NULL,16,150),(3593,'B28','SILVER','AVAILABLE',NULL,16,150),(3594,'B29','SILVER','AVAILABLE',NULL,16,150),(3595,'B30','SILVER','AVAILABLE',NULL,16,150),(3596,'B31','SILVER','AVAILABLE',NULL,16,150),(3597,'B32','SILVER','AVAILABLE',NULL,16,150),(3598,'B33','SILVER','AVAILABLE',NULL,16,150),(3599,'B34','SILVER','AVAILABLE',NULL,16,150),(3600,'B35','SILVER','AVAILABLE',NULL,16,150),(3601,'B36','SILVER','AVAILABLE',NULL,16,150),(3602,'B37','SILVER','AVAILABLE',NULL,16,150),(3603,'B38','SILVER','AVAILABLE',NULL,16,150),(3604,'B39','SILVER','AVAILABLE',NULL,16,150),(3605,'B40','SILVER','AVAILABLE',NULL,16,150),(3606,'C1','GOLD','AVAILABLE',NULL,16,200),(3607,'C2','GOLD','AVAILABLE',NULL,16,200),(3608,'C3','GOLD','AVAILABLE',NULL,16,200),(3609,'C4','GOLD','AVAILABLE',NULL,16,200),(3610,'C5','GOLD','AVAILABLE',NULL,16,200),(3611,'C6','GOLD','AVAILABLE',NULL,16,200),(3612,'C7','GOLD','AVAILABLE',NULL,16,200),(3613,'C8','GOLD','AVAILABLE',NULL,16,200),(3614,'C9','GOLD','AVAILABLE',NULL,16,200),(3615,'C10','GOLD','AVAILABLE',NULL,16,200),(3616,'C11','GOLD','AVAILABLE',NULL,16,200),(3617,'C12','GOLD','AVAILABLE',NULL,16,200),(3618,'C13','GOLD','AVAILABLE',NULL,16,200),(3619,'C14','GOLD','AVAILABLE',NULL,16,200),(3620,'C15','GOLD','AVAILABLE',NULL,16,200),(3621,'C16','GOLD','AVAILABLE',NULL,16,200),(3622,'C17','GOLD','AVAILABLE',NULL,16,200),(3623,'C18','GOLD','AVAILABLE',NULL,16,200),(3624,'C19','GOLD','AVAILABLE',NULL,16,200),(3625,'C20','GOLD','AVAILABLE',NULL,16,200),(3626,'C21','GOLD','AVAILABLE',NULL,16,200),(3627,'C22','GOLD','AVAILABLE',NULL,16,200),(3628,'C23','GOLD','AVAILABLE',NULL,16,200),(3629,'C24','GOLD','AVAILABLE',NULL,16,200),(3630,'C25','GOLD','AVAILABLE',NULL,16,200),(3631,'C26','GOLD','AVAILABLE',NULL,16,200),(3632,'C27','GOLD','AVAILABLE',NULL,16,200),(3633,'C28','GOLD','AVAILABLE',NULL,16,200),(3634,'C29','GOLD','AVAILABLE',NULL,16,200),(3635,'C30','GOLD','AVAILABLE',NULL,16,200),(3636,'A1','REGULAR','BOOKED',7,15,100),(3637,'A2','REGULAR','BOOKED',7,15,100),(3638,'A3','REGULAR','AVAILABLE',NULL,15,100),(3639,'A4','REGULAR','AVAILABLE',NULL,15,100),(3640,'A5','REGULAR','AVAILABLE',NULL,15,100),(3641,'A6','REGULAR','AVAILABLE',NULL,15,100),(3642,'A7','REGULAR','AVAILABLE',NULL,15,100),(3643,'A8','REGULAR','AVAILABLE',NULL,15,100),(3644,'A9','REGULAR','AVAILABLE',NULL,15,100),(3645,'A10','REGULAR','AVAILABLE',NULL,15,100),(3646,'A11','REGULAR','AVAILABLE',NULL,15,100),(3647,'A12','REGULAR','AVAILABLE',NULL,15,100),(3648,'A13','REGULAR','AVAILABLE',NULL,15,100),(3649,'A14','REGULAR','AVAILABLE',NULL,15,100),(3650,'A15','REGULAR','AVAILABLE',NULL,15,100),(3651,'A16','REGULAR','AVAILABLE',NULL,15,100),(3652,'A17','REGULAR','AVAILABLE',NULL,15,100),(3653,'A18','REGULAR','AVAILABLE',NULL,15,100),(3654,'A19','REGULAR','AVAILABLE',NULL,15,100),(3655,'A20','REGULAR','AVAILABLE',NULL,15,100),(3656,'A21','REGULAR','AVAILABLE',NULL,15,100),(3657,'A22','REGULAR','AVAILABLE',NULL,15,100),(3658,'A23','REGULAR','AVAILABLE',NULL,15,100),(3659,'A24','REGULAR','AVAILABLE',NULL,15,100),(3660,'A25','REGULAR','AVAILABLE',NULL,15,100),(3661,'A26','REGULAR','AVAILABLE',NULL,15,100),(3662,'A27','REGULAR','AVAILABLE',NULL,15,100),(3663,'A28','REGULAR','AVAILABLE',NULL,15,100),(3664,'A29','REGULAR','AVAILABLE',NULL,15,100),(3665,'A30','REGULAR','AVAILABLE',NULL,15,100),(3666,'A31','REGULAR','AVAILABLE',NULL,15,100),(3667,'A32','REGULAR','AVAILABLE',NULL,15,100),(3668,'A33','REGULAR','AVAILABLE',NULL,15,100),(3669,'A34','REGULAR','AVAILABLE',NULL,15,100),(3670,'A35','REGULAR','AVAILABLE',NULL,15,100),(3671,'A36','REGULAR','AVAILABLE',NULL,15,100),(3672,'A37','REGULAR','AVAILABLE',NULL,15,100),(3673,'A38','REGULAR','AVAILABLE',NULL,15,100),(3674,'A39','REGULAR','AVAILABLE',NULL,15,100),(3675,'A40','REGULAR','AVAILABLE',NULL,15,100),(3676,'B1','SILVER','AVAILABLE',NULL,15,150),(3677,'B2','SILVER','AVAILABLE',NULL,15,150),(3678,'B3','SILVER','AVAILABLE',NULL,15,150),(3679,'B4','SILVER','AVAILABLE',NULL,15,150),(3680,'B5','SILVER','AVAILABLE',NULL,15,150),(3681,'B6','SILVER','AVAILABLE',NULL,15,150),(3682,'B7','SILVER','AVAILABLE',NULL,15,150),(3683,'B8','SILVER','AVAILABLE',NULL,15,150),(3684,'B9','SILVER','AVAILABLE',NULL,15,150),(3685,'B10','SILVER','AVAILABLE',NULL,15,150),(3686,'B11','SILVER','AVAILABLE',NULL,15,150),(3687,'B12','SILVER','AVAILABLE',NULL,15,150),(3688,'B13','SILVER','AVAILABLE',NULL,15,150),(3689,'B14','SILVER','AVAILABLE',NULL,15,150),(3690,'B15','SILVER','AVAILABLE',NULL,15,150),(3691,'B16','SILVER','AVAILABLE',NULL,15,150),(3692,'B17','SILVER','AVAILABLE',NULL,15,150),(3693,'B18','SILVER','AVAILABLE',NULL,15,150),(3694,'B19','SILVER','AVAILABLE',NULL,15,150),(3695,'B20','SILVER','AVAILABLE',NULL,15,150),(3696,'B21','SILVER','AVAILABLE',NULL,15,150),(3697,'B22','SILVER','AVAILABLE',NULL,15,150),(3698,'B23','SILVER','AVAILABLE',NULL,15,150),(3699,'B24','SILVER','AVAILABLE',NULL,15,150),(3700,'B25','SILVER','AVAILABLE',NULL,15,150),(3701,'B26','SILVER','AVAILABLE',NULL,15,150),(3702,'B27','SILVER','AVAILABLE',NULL,15,150),(3703,'B28','SILVER','AVAILABLE',NULL,15,150),(3704,'B29','SILVER','AVAILABLE',NULL,15,150),(3705,'B30','SILVER','AVAILABLE',NULL,15,150),(3706,'B31','SILVER','AVAILABLE',NULL,15,150),(3707,'B32','SILVER','AVAILABLE',NULL,15,150),(3708,'B33','SILVER','AVAILABLE',NULL,15,150),(3709,'B34','SILVER','AVAILABLE',NULL,15,150),(3710,'B35','SILVER','AVAILABLE',NULL,15,150),(3711,'B36','SILVER','AVAILABLE',NULL,15,150),(3712,'B37','SILVER','AVAILABLE',NULL,15,150),(3713,'B38','SILVER','AVAILABLE',NULL,15,150),(3714,'B39','SILVER','AVAILABLE',NULL,15,150),(3715,'B40','SILVER','AVAILABLE',NULL,15,150),(3716,'B41','SILVER','AVAILABLE',NULL,15,150),(3717,'B42','SILVER','AVAILABLE',NULL,15,150),(3718,'B43','SILVER','AVAILABLE',NULL,15,150),(3719,'B44','SILVER','AVAILABLE',NULL,15,150),(3720,'B45','SILVER','AVAILABLE',NULL,15,150),(3721,'B46','SILVER','AVAILABLE',NULL,15,150),(3722,'B47','SILVER','AVAILABLE',NULL,15,150),(3723,'B48','SILVER','AVAILABLE',NULL,15,150),(3724,'B49','SILVER','AVAILABLE',NULL,15,150),(3725,'B50','SILVER','AVAILABLE',NULL,15,150),(3726,'B51','SILVER','AVAILABLE',NULL,15,150),(3727,'B52','SILVER','AVAILABLE',NULL,15,150),(3728,'B53','SILVER','AVAILABLE',NULL,15,150),(3729,'B54','SILVER','AVAILABLE',NULL,15,150),(3730,'B55','SILVER','AVAILABLE',NULL,15,150),(3731,'B56','SILVER','AVAILABLE',NULL,15,150),(3732,'B57','SILVER','AVAILABLE',NULL,15,150),(3733,'B58','SILVER','AVAILABLE',NULL,15,150),(3734,'B59','SILVER','AVAILABLE',NULL,15,150),(3735,'B60','SILVER','AVAILABLE',NULL,15,150),(3736,'C1','GOLD','AVAILABLE',NULL,15,200),(3737,'C2','GOLD','AVAILABLE',NULL,15,200),(3738,'C3','GOLD','AVAILABLE',NULL,15,200),(3739,'C4','GOLD','AVAILABLE',NULL,15,200),(3740,'C5','GOLD','AVAILABLE',NULL,15,200),(3741,'C6','GOLD','AVAILABLE',NULL,15,200),(3742,'C7','GOLD','AVAILABLE',NULL,15,200),(3743,'C8','GOLD','AVAILABLE',NULL,15,200),(3744,'C9','GOLD','AVAILABLE',NULL,15,200),(3745,'C10','GOLD','AVAILABLE',NULL,15,200),(3746,'C11','GOLD','AVAILABLE',NULL,15,200),(3747,'C12','GOLD','AVAILABLE',NULL,15,200),(3748,'C13','GOLD','AVAILABLE',NULL,15,200),(3749,'C14','GOLD','AVAILABLE',NULL,15,200),(3750,'C15','GOLD','AVAILABLE',NULL,15,200),(3751,'C16','GOLD','AVAILABLE',NULL,15,200),(3752,'C17','GOLD','AVAILABLE',NULL,15,200),(3753,'C18','GOLD','AVAILABLE',NULL,15,200),(3754,'C19','GOLD','AVAILABLE',NULL,15,200),(3755,'C20','GOLD','AVAILABLE',NULL,15,200),(3756,'C21','GOLD','AVAILABLE',NULL,15,200),(3757,'C22','GOLD','AVAILABLE',NULL,15,200),(3758,'C23','GOLD','AVAILABLE',NULL,15,200),(3759,'C24','GOLD','AVAILABLE',NULL,15,200),(3760,'C25','GOLD','AVAILABLE',NULL,15,200),(3761,'C26','GOLD','AVAILABLE',NULL,15,200),(3762,'C27','GOLD','AVAILABLE',NULL,15,200),(3763,'C28','GOLD','AVAILABLE',NULL,15,200),(3764,'C29','GOLD','AVAILABLE',NULL,15,200),(3765,'C30','GOLD','AVAILABLE',NULL,15,200),(3766,'C31','GOLD','AVAILABLE',NULL,15,200),(3767,'C32','GOLD','AVAILABLE',NULL,15,200),(3768,'C33','GOLD','AVAILABLE',NULL,15,200),(3769,'C34','GOLD','AVAILABLE',NULL,15,200),(3770,'C35','GOLD','AVAILABLE',NULL,15,200),(3771,'C36','GOLD','AVAILABLE',NULL,15,200),(3772,'C37','GOLD','AVAILABLE',NULL,15,200),(3773,'C38','GOLD','AVAILABLE',NULL,15,200),(3774,'C39','GOLD','AVAILABLE',NULL,15,200),(3775,'C40','GOLD','AVAILABLE',NULL,15,200),(3776,'C41','GOLD','AVAILABLE',NULL,15,200),(3777,'C42','GOLD','AVAILABLE',NULL,15,200),(3778,'C43','GOLD','AVAILABLE',NULL,15,200),(3779,'C44','GOLD','AVAILABLE',NULL,15,200),(3780,'C45','GOLD','AVAILABLE',NULL,15,200),(3781,'C46','GOLD','AVAILABLE',NULL,15,200),(3782,'C47','GOLD','AVAILABLE',NULL,15,200),(3783,'C48','GOLD','AVAILABLE',NULL,15,200),(3784,'C49','GOLD','AVAILABLE',NULL,15,200),(3785,'C50','GOLD','AVAILABLE',NULL,15,200),(3786,'C51','GOLD','AVAILABLE',NULL,15,200),(3787,'C52','GOLD','AVAILABLE',NULL,15,200),(3788,'C53','GOLD','AVAILABLE',NULL,15,200),(3789,'C54','GOLD','AVAILABLE',NULL,15,200),(3790,'C55','GOLD','AVAILABLE',NULL,15,200),(3791,'C56','GOLD','AVAILABLE',NULL,15,200),(3792,'C57','GOLD','AVAILABLE',NULL,15,200),(3793,'C58','GOLD','AVAILABLE',NULL,15,200),(3794,'C59','GOLD','AVAILABLE',NULL,15,200),(3795,'C60','GOLD','AVAILABLE',NULL,15,200),(3796,'A1','Regular','BOOKED',8,17,NULL),(3797,'A2','Regular','BOOKED',8,17,NULL),(3798,'A3','Regular','AVAILABLE',NULL,17,NULL),(3799,'A4','Regular','AVAILABLE',NULL,17,NULL),(3800,'A5','Regular','AVAILABLE',NULL,17,NULL),(3801,'A6','Regular','AVAILABLE',NULL,17,NULL),(3802,'A7','Regular','AVAILABLE',NULL,17,NULL),(3803,'A8','Regular','AVAILABLE',NULL,17,NULL),(3804,'A9','Regular','AVAILABLE',NULL,17,NULL),(3805,'A10','Regular','AVAILABLE',NULL,17,NULL),(3806,'A11','Regular','AVAILABLE',NULL,17,NULL),(3807,'A12','Regular','AVAILABLE',NULL,17,NULL),(3808,'A13','Regular','AVAILABLE',NULL,17,NULL),(3809,'A14','Regular','AVAILABLE',NULL,17,NULL),(3810,'B1','Regular','AVAILABLE',NULL,17,NULL),(3811,'B2','Regular','AVAILABLE',NULL,17,NULL),(3812,'B3','Regular','AVAILABLE',NULL,17,NULL),(3813,'B4','Regular','AVAILABLE',NULL,17,NULL),(3814,'B5','Regular','AVAILABLE',NULL,17,NULL),(3815,'B6','Regular','AVAILABLE',NULL,17,NULL),(3816,'B7','Regular','AVAILABLE',NULL,17,NULL),(3817,'B8','Regular','AVAILABLE',NULL,17,NULL),(3818,'B9','Regular','AVAILABLE',NULL,17,NULL),(3819,'B10','Regular','AVAILABLE',NULL,17,NULL),(3820,'B11','Regular','AVAILABLE',NULL,17,NULL),(3821,'B12','Regular','AVAILABLE',NULL,17,NULL),(3822,'B13','Regular','AVAILABLE',NULL,17,NULL),(3823,'B14','Regular','AVAILABLE',NULL,17,NULL),(3824,'C1','Silver','AVAILABLE',NULL,17,NULL),(3825,'C2','Silver','AVAILABLE',NULL,17,NULL),(3826,'C3','Silver','AVAILABLE',NULL,17,NULL),(3827,'C4','Silver','AVAILABLE',NULL,17,NULL),(3828,'C5','Silver','AVAILABLE',NULL,17,NULL),(3829,'C6','Silver','AVAILABLE',NULL,17,NULL),(3830,'C7','Silver','AVAILABLE',NULL,17,NULL),(3831,'C8','Silver','AVAILABLE',NULL,17,NULL),(3832,'C9','Silver','AVAILABLE',NULL,17,NULL),(3833,'C10','Silver','AVAILABLE',NULL,17,NULL),(3834,'C11','Silver','AVAILABLE',NULL,17,NULL),(3835,'C12','Silver','AVAILABLE',NULL,17,NULL),(3836,'C13','Silver','AVAILABLE',NULL,17,NULL),(3837,'C14','Silver','AVAILABLE',NULL,17,NULL),(3838,'D1','Silver','AVAILABLE',NULL,17,NULL),(3839,'D2','Silver','AVAILABLE',NULL,17,NULL),(3840,'D3','Silver','AVAILABLE',NULL,17,NULL),(3841,'D4','Silver','AVAILABLE',NULL,17,NULL),(3842,'D5','Silver','AVAILABLE',NULL,17,NULL),(3843,'D6','Silver','AVAILABLE',NULL,17,NULL),(3844,'D7','Silver','AVAILABLE',NULL,17,NULL),(3845,'D8','Silver','AVAILABLE',NULL,17,NULL),(3846,'D9','Silver','AVAILABLE',NULL,17,NULL),(3847,'D10','Silver','AVAILABLE',NULL,17,NULL),(3848,'D11','Silver','AVAILABLE',NULL,17,NULL),(3849,'D12','Silver','AVAILABLE',NULL,17,NULL),(3850,'D13','Silver','AVAILABLE',NULL,17,NULL),(3851,'D14','Silver','AVAILABLE',NULL,17,NULL),(3852,'E1','Silver','AVAILABLE',NULL,17,NULL),(3853,'E2','Silver','AVAILABLE',NULL,17,NULL),(3854,'E3','Silver','AVAILABLE',NULL,17,NULL),(3855,'E4','Silver','AVAILABLE',NULL,17,NULL),(3856,'E5','Silver','AVAILABLE',NULL,17,NULL),(3857,'E6','Silver','AVAILABLE',NULL,17,NULL),(3858,'E7','Silver','AVAILABLE',NULL,17,NULL),(3859,'E8','Silver','AVAILABLE',NULL,17,NULL),(3860,'E9','Silver','AVAILABLE',NULL,17,NULL),(3861,'E10','Silver','AVAILABLE',NULL,17,NULL),(3862,'E11','Silver','AVAILABLE',NULL,17,NULL),(3863,'E12','Silver','AVAILABLE',NULL,17,NULL),(3864,'E13','Silver','AVAILABLE',NULL,17,NULL),(3865,'E14','Silver','AVAILABLE',NULL,17,NULL),(3866,'F1','Silver','AVAILABLE',NULL,17,NULL),(3867,'F2','Silver','AVAILABLE',NULL,17,NULL),(3868,'F3','Silver','AVAILABLE',NULL,17,NULL),(3869,'F4','Silver','AVAILABLE',NULL,17,NULL),(3870,'F5','Silver','AVAILABLE',NULL,17,NULL),(3871,'F6','Silver','AVAILABLE',NULL,17,NULL),(3872,'F7','Silver','AVAILABLE',NULL,17,NULL),(3873,'F8','Silver','AVAILABLE',NULL,17,NULL),(3874,'F9','Silver','AVAILABLE',NULL,17,NULL),(3875,'F10','Silver','AVAILABLE',NULL,17,NULL),(3876,'F11','Silver','AVAILABLE',NULL,17,NULL),(3877,'F12','Silver','AVAILABLE',NULL,17,NULL),(3878,'F13','Silver','AVAILABLE',NULL,17,NULL),(3879,'F14','Silver','AVAILABLE',NULL,17,NULL),(3880,'G1','Silver','AVAILABLE',NULL,17,NULL),(3881,'G2','Silver','AVAILABLE',NULL,17,NULL),(3882,'G3','Silver','AVAILABLE',NULL,17,NULL),(3883,'G4','Silver','AVAILABLE',NULL,17,NULL),(3884,'G5','Silver','AVAILABLE',NULL,17,NULL),(3885,'G6','Silver','AVAILABLE',NULL,17,NULL),(3886,'G7','Silver','AVAILABLE',NULL,17,NULL),(3887,'G8','Silver','AVAILABLE',NULL,17,NULL),(3888,'G9','Silver','AVAILABLE',NULL,17,NULL),(3889,'G10','Silver','AVAILABLE',NULL,17,NULL),(3890,'G11','Silver','AVAILABLE',NULL,17,NULL),(3891,'G12','Silver','AVAILABLE',NULL,17,NULL),(3892,'G13','Silver','AVAILABLE',NULL,17,NULL),(3893,'G14','Silver','AVAILABLE',NULL,17,NULL),(3894,'H1','Silver','AVAILABLE',NULL,17,NULL),(3895,'H2','Silver','AVAILABLE',NULL,17,NULL),(3896,'H3','Silver','AVAILABLE',NULL,17,NULL),(3897,'H4','Silver','AVAILABLE',NULL,17,NULL),(3898,'H5','Silver','AVAILABLE',NULL,17,NULL),(3899,'H6','Silver','AVAILABLE',NULL,17,NULL),(3900,'H7','Silver','AVAILABLE',NULL,17,NULL),(3901,'H8','Silver','AVAILABLE',NULL,17,NULL),(3902,'H9','Silver','AVAILABLE',NULL,17,NULL),(3903,'H10','Silver','AVAILABLE',NULL,17,NULL),(3904,'H11','Silver','AVAILABLE',NULL,17,NULL),(3905,'H12','Silver','AVAILABLE',NULL,17,NULL),(3906,'H13','Silver','AVAILABLE',NULL,17,NULL),(3907,'H14','Silver','AVAILABLE',NULL,17,NULL),(3908,'I1','Gold','AVAILABLE',NULL,17,NULL),(3909,'I2','Gold','AVAILABLE',NULL,17,NULL),(3910,'I3','Gold','AVAILABLE',NULL,17,NULL),(3911,'I4','Gold','AVAILABLE',NULL,17,NULL),(3912,'I5','Gold','AVAILABLE',NULL,17,NULL),(3913,'I6','Gold','AVAILABLE',NULL,17,NULL),(3914,'I7','Gold','AVAILABLE',NULL,17,NULL),(3915,'I8','Gold','AVAILABLE',NULL,17,NULL),(3916,'I9','Gold','AVAILABLE',NULL,17,NULL),(3917,'I10','Gold','AVAILABLE',NULL,17,NULL),(3918,'I11','Gold','AVAILABLE',NULL,17,NULL),(3919,'I12','Gold','AVAILABLE',NULL,17,NULL),(3920,'I13','Gold','AVAILABLE',NULL,17,NULL),(3921,'I14','Gold','AVAILABLE',NULL,17,NULL),(3922,'J1','Gold','AVAILABLE',NULL,17,NULL),(3923,'J2','Gold','AVAILABLE',NULL,17,NULL),(3924,'J3','Gold','AVAILABLE',NULL,17,NULL),(3925,'J4','Gold','AVAILABLE',NULL,17,NULL),(3926,'J5','Gold','AVAILABLE',NULL,17,NULL),(3927,'J6','Gold','AVAILABLE',NULL,17,NULL),(3928,'J7','Gold','AVAILABLE',NULL,17,NULL),(3929,'J8','Gold','AVAILABLE',NULL,17,NULL),(3930,'J9','Gold','AVAILABLE',NULL,17,NULL),(3931,'J10','Gold','AVAILABLE',NULL,17,NULL),(3932,'J11','Gold','AVAILABLE',NULL,17,NULL),(3933,'J12','Gold','AVAILABLE',NULL,17,NULL),(3934,'J13','Gold','AVAILABLE',NULL,17,NULL),(3935,'J14','Gold','AVAILABLE',NULL,17,NULL),(3936,'K1','Gold','AVAILABLE',NULL,17,NULL),(3937,'K2','Gold','AVAILABLE',NULL,17,NULL),(3938,'K3','Gold','AVAILABLE',NULL,17,NULL),(3939,'K4','Gold','AVAILABLE',NULL,17,NULL),(3940,'K5','Gold','AVAILABLE',NULL,17,NULL),(3941,'K6','Gold','AVAILABLE',NULL,17,NULL),(3942,'K7','Gold','AVAILABLE',NULL,17,NULL),(3943,'K8','Gold','AVAILABLE',NULL,17,NULL),(3944,'K9','Gold','AVAILABLE',NULL,17,NULL),(3945,'K10','Gold','AVAILABLE',NULL,17,NULL),(3946,'K11','Gold','AVAILABLE',NULL,17,NULL),(3947,'K12','Gold','AVAILABLE',NULL,17,NULL),(3948,'K13','Gold','AVAILABLE',NULL,17,NULL),(3949,'K14','Gold','AVAILABLE',NULL,17,NULL),(3950,'L1','Gold','AVAILABLE',NULL,17,NULL),(3951,'L2','Gold','AVAILABLE',NULL,17,NULL),(3952,'L3','Gold','AVAILABLE',NULL,17,NULL),(3953,'L4','Gold','AVAILABLE',NULL,17,NULL),(3954,'L5','Gold','AVAILABLE',NULL,17,NULL),(3955,'L6','Gold','AVAILABLE',NULL,17,NULL),(3956,'L7','Gold','AVAILABLE',NULL,17,NULL),(3957,'L8','Gold','AVAILABLE',NULL,17,NULL),(3958,'L9','Gold','AVAILABLE',NULL,17,NULL),(3959,'L10','Gold','AVAILABLE',NULL,17,NULL),(3960,'L11','Gold','AVAILABLE',NULL,17,NULL),(3961,'L12','Gold','AVAILABLE',NULL,17,NULL),(3962,'L13','Gold','AVAILABLE',NULL,17,NULL),(3963,'L14','Gold','AVAILABLE',NULL,17,NULL),(3964,'M1','Gold','AVAILABLE',NULL,17,NULL),(3965,'M2','Gold','AVAILABLE',NULL,17,NULL),(3966,'M3','Gold','AVAILABLE',NULL,17,NULL),(3967,'M4','Gold','AVAILABLE',NULL,17,NULL),(3968,'M5','Gold','AVAILABLE',NULL,17,NULL),(3969,'M6','Gold','AVAILABLE',NULL,17,NULL),(3970,'M7','Gold','AVAILABLE',NULL,17,NULL),(3971,'M8','Gold','AVAILABLE',NULL,17,NULL),(3972,'M9','Gold','AVAILABLE',NULL,17,NULL),(3973,'M10','Gold','AVAILABLE',NULL,17,NULL),(3974,'M11','Gold','AVAILABLE',NULL,17,NULL),(3975,'M12','Gold','AVAILABLE',NULL,17,NULL),(3976,'M13','Gold','AVAILABLE',NULL,17,NULL),(3977,'M14','Gold','AVAILABLE',NULL,17,NULL),(3978,'N1','Premium','BOOKED',9,17,NULL),(3979,'N2','Premium','BOOKED',9,17,NULL),(3980,'N3','Premium','AVAILABLE',NULL,17,NULL),(3981,'N4','Premium','AVAILABLE',NULL,17,NULL),(3982,'N5','Premium','AVAILABLE',NULL,17,NULL),(3983,'N6','Premium','AVAILABLE',NULL,17,NULL),(3984,'N7','Premium','AVAILABLE',NULL,17,NULL),(3985,'N8','Premium','AVAILABLE',NULL,17,NULL),(3986,'N9','Premium','AVAILABLE',NULL,17,NULL),(3987,'N10','Premium','AVAILABLE',NULL,17,NULL),(3988,'N11','Premium','AVAILABLE',NULL,17,NULL),(3989,'N12','Premium','AVAILABLE',NULL,17,NULL),(3990,'N13','Premium','AVAILABLE',NULL,17,NULL),(3991,'N14','Premium','AVAILABLE',NULL,17,NULL),(3992,'O1','Premium','AVAILABLE',NULL,17,NULL),(3993,'O2','Premium','AVAILABLE',NULL,17,NULL),(3994,'O3','Premium','AVAILABLE',NULL,17,NULL),(3995,'O4','Premium','AVAILABLE',NULL,17,NULL);
/*!40000 ALTER TABLE `seats` ENABLE KEYS */;
UNLOCK TABLES;

--
-- Table structure for table `shows`
--

DROP TABLE IF EXISTS `shows`;
/*!40101 SET @saved_cs_client     = @@character_set_client */;
/*!50503 SET character_set_client = utf8mb4 */;
CREATE TABLE `shows` (
  `id` bigint NOT NULL AUTO_INCREMENT,
  `available_seats` int DEFAULT NULL,
  `is_active` bit(1) DEFAULT NULL,
  `show_time` datetime(6) NOT NULL,
  `event_id` bigint NOT NULL,
  `venue_id` bigint NOT NULL,
  PRIMARY KEY (`id`),
  KEY `FK62bhbunvyn8qgmtwgwrqsu0pn` (`event_id`),
  KEY `FKm9kkx0df61t30uagxxrcjju0s` (`venue_id`),
  CONSTRAINT `FK62bhbunvyn8qgmtwgwrqsu0pn` FOREIGN KEY (`event_id`) REFERENCES `events` (`id`),
  CONSTRAINT `FKm9kkx0df61t30uagxxrcjju0s` FOREIGN KEY (`venue_id`) REFERENCES `venues` (`id`)
) ENGINE=InnoDB AUTO_INCREMENT=18 DEFAULT CHARSET=utf8mb4 COLLATE=utf8mb4_0900_ai_ci;
/*!40101 SET character_set_client = @saved_cs_client */;

--
-- Dumping data for table `shows`
--

LOCK TABLES `shows` WRITE;
/*!40000 ALTER TABLE `shows` DISABLE KEYS */;
INSERT INTO `shows` VALUES (6,200,_binary '','2025-12-01 11:20:00.000000',1,1),(7,300,_binary '','2025-12-01 11:00:00.000000',2,1),(8,300,_binary '','2025-12-01 11:00:00.000000',3,1),(9,300,_binary '','2025-12-01 11:00:00.000000',3,1),(10,300,_binary '','2025-12-01 11:00:00.000000',4,1),(11,300,_binary '','2025-12-01 09:00:00.000000',5,1),(12,200,_binary '','2025-12-01 09:00:00.000000',6,1),(13,300,_binary '','2025-12-02 06:00:00.000000',1,1),(14,300,_binary '','2025-12-03 11:00:00.000000',1,1),(15,300,_binary '','2025-12-10 06:00:00.000000',2,1),(16,50,_binary '','2025-12-06 11:11:00.000000',1,1),(17,300,_binary '','2025-12-10 06:00:00.000000',6,1);
/*!40000 ALTER TABLE `shows` ENABLE KEYS */;
UNLOCK TABLES;

--
-- Table structure for table `tickets`
--

DROP TABLE IF EXISTS `tickets`;
/*!40101 SET @saved_cs_client     = @@character_set_client */;
/*!50503 SET character_set_client = utf8mb4 */;
CREATE TABLE `tickets` (
  `id` bigint NOT NULL AUTO_INCREMENT,
  `generated_at` datetime(6) NOT NULL,
  `qr_code` varchar(255) DEFAULT NULL,
  `ticket_number` varchar(255) NOT NULL,
  `booking_id` bigint NOT NULL,
  PRIMARY KEY (`id`),
  UNIQUE KEY `UK_4ks48wgrew48dpkh0wd1rbe2b` (`ticket_number`),
  KEY `FKefja4avuu7g29t78mxifrsynb` (`booking_id`),
  CONSTRAINT `FKefja4avuu7g29t78mxifrsynb` FOREIGN KEY (`booking_id`) REFERENCES `bookings` (`id`)
) ENGINE=InnoDB AUTO_INCREMENT=10 DEFAULT CHARSET=utf8mb4 COLLATE=utf8mb4_0900_ai_ci;
/*!40101 SET character_set_client = @saved_cs_client */;

--
-- Dumping data for table `tickets`
--

LOCK TABLES `tickets` WRITE;
/*!40000 ALTER TABLE `tickets` DISABLE KEYS */;
INSERT INTO `tickets` VALUES (1,'2025-11-30 17:22:48.250407','QR-1','TKT-69fc4c01-b890-48c0-b228-5b31671096b8',1),(2,'2025-11-30 17:25:41.390707','QR-2','TKT-0bd8b282-8f73-4c3d-8656-fbc22721719f',2),(3,'2025-11-30 18:22:44.260519','QR-3','TKT-517238c0-40c6-4d40-8686-30aee71a4000',3),(4,'2025-11-30 23:40:28.440606','QR-4','TKT-28d71d48-116c-40f4-9b14-5b22e1c0fba8',4),(5,'2025-12-01 12:22:01.699856','QR-5','TKT-4508fa12-020b-4b0e-ba00-ad8336c64930',5),(6,'2025-12-02 17:06:34.374182','QR-6','TKT-5aa49fbb-3220-4931-a1ab-6900d754ffeb',6),(7,'2025-12-06 02:42:39.594558','QR-7','TKT-c97c4010-54d2-4ab5-8d50-775c6d65f969',7),(8,'2025-12-06 13:29:15.170332','QR-8','TKT-1b452a0c-a92a-4e5a-852d-2df85998d397',8),(9,'2025-12-06 14:02:44.393888','QR-9','TKT-e4ac379c-c7c3-450f-8b16-a49188d5889f',9);
/*!40000 ALTER TABLE `tickets` ENABLE KEYS */;
UNLOCK TABLES;

--
-- Table structure for table `users`
--

DROP TABLE IF EXISTS `users`;
/*!40101 SET @saved_cs_client     = @@character_set_client */;
/*!50503 SET character_set_client = utf8mb4 */;
CREATE TABLE `users` (
  `id` bigint NOT NULL AUTO_INCREMENT,
  `email` varchar(255) NOT NULL,
  `is_blocked` bit(1) DEFAULT NULL,
  `name` varchar(255) NOT NULL,
  `password` varchar(255) NOT NULL,
  `phone` varchar(255) DEFAULT NULL,
  `role` enum('USER','ADMIN') DEFAULT NULL,
  `google_id` varchar(255) DEFAULT NULL,
  PRIMARY KEY (`id`),
  UNIQUE KEY `UK_6dotkott2kjsp8vw4d0m25fb7` (`email`)
) ENGINE=InnoDB AUTO_INCREMENT=6 DEFAULT CHARSET=utf8mb4 COLLATE=utf8mb4_0900_ai_ci;
/*!40101 SET character_set_client = @saved_cs_client */;

--
-- Dumping data for table `users`
--

LOCK TABLES `users` WRITE;
/*!40000 ALTER TABLE `users` DISABLE KEYS */;
INSERT INTO `users` VALUES (1,'saikumar@123',_binary '\0','saikumar','$2a$10$1ykOGxboc09c3ncAMvm32OGQaubj8LQqxXjxMwKNcYz3WWa4gJiRy','1234567890','USER',NULL),(2,'admin@revtickets.com',_binary '\0','admin','$2a$10$9cpZ4.D0Stqs8x57x87NwegMbnbVK2jtJLf0/4jTIh8om.jViSPqy','1234567890','ADMIN',NULL),(3,'saikumar@gmail.com',_binary '','saikumar','$2a$10$22v/VbT7XkK/GNfDIRjMqOoIwkicu.TSN0x1E9nm/Zn/XdiaoGHVu','7894561230','USER',NULL),(4,'saikumar123@gmail.com',_binary '\0','saikumar','$2a$10$SCji1asHXnenwoVLdSnUIO3Pz25JrLOJeiZlJhc/dHugReIwID8F.','1234567890','USER',NULL),(5,'siruvatisai22@gmail.com',_binary '\0','saikumar','$2a$10$k5QdDs2hDuB94WqLPt2A6OGNjnfursLPrPwsotzzwooXWx0NMxrqe','8688620523','USER','113868562857773481874');
/*!40000 ALTER TABLE `users` ENABLE KEYS */;
UNLOCK TABLES;

--
-- Table structure for table `venues`
--

DROP TABLE IF EXISTS `venues`;
/*!40101 SET @saved_cs_client     = @@character_set_client */;
/*!50503 SET character_set_client = utf8mb4 */;
CREATE TABLE `venues` (
  `id` bigint NOT NULL AUTO_INCREMENT,
  `address` varchar(255) DEFAULT NULL,
  `city` varchar(255) NOT NULL,
  `is_active` bit(1) DEFAULT NULL,
  `name` varchar(255) NOT NULL,
  `total_seats` int DEFAULT NULL,
  `type` varchar(255) DEFAULT NULL,
  PRIMARY KEY (`id`)
) ENGINE=InnoDB AUTO_INCREMENT=3 DEFAULT CHARSET=utf8mb4 COLLATE=utf8mb4_0900_ai_ci;
/*!40101 SET character_set_client = @saved_cs_client */;

--
-- Dumping data for table `venues`
--

LOCK TABLES `venues` WRITE;
/*!40000 ALTER TABLE `venues` DISABLE KEYS */;
INSERT INTO `venues` VALUES (1,'High Tech City','Hyderabad',_binary '','Sai Cinemas',300,'Cinema'),(2,'Nagavara','Bangalore',_binary '','Nexus Mall',400,'Cinema');
/*!40000 ALTER TABLE `venues` ENABLE KEYS */;
UNLOCK TABLES;
/*!40103 SET TIME_ZONE=@OLD_TIME_ZONE */;

/*!40101 SET SQL_MODE=@OLD_SQL_MODE */;
/*!40014 SET FOREIGN_KEY_CHECKS=@OLD_FOREIGN_KEY_CHECKS */;
/*!40014 SET UNIQUE_CHECKS=@OLD_UNIQUE_CHECKS */;
/*!40101 SET CHARACTER_SET_CLIENT=@OLD_CHARACTER_SET_CLIENT */;
/*!40101 SET CHARACTER_SET_RESULTS=@OLD_CHARACTER_SET_RESULTS */;
/*!40101 SET COLLATION_CONNECTION=@OLD_COLLATION_CONNECTION */;
/*!40111 SET SQL_NOTES=@OLD_SQL_NOTES */;

-- Dump completed on 2025-12-06 18:53:36
